NO_EOR,NOCONTAINER,MATERIAL,QTY
EOR/00000002/01/2023,SPNU2792334,FLOORING - PLYWOOD / PLANK RESECURE UP TO 12 SCREW,1.0
EOR/00000002/01/2023,SPNU2792334,GASKET - GASKET SECTION 30 CM,2.0
EOR/00000002/01/2023,SPNU2792334,GASKET - GASKET SEALING 15 CM,1.0
EOR/00000002/01/2023,SPNU2792334,FLOORING - LEASING PLYWOOD SECTION 60X120 CM,1.0
EOR/00000002/01/2023,SPNU2792334,PANEL - WELD 15 CM,5.0
EOR/00000002/01/2023,SPNU2792334,DOOR SILL - STRAIGHTEN 30 CM,1.0
EOR/00000002/01/2023,SPNU2792334,DOOR HARDWARE - LOCKING BAR CAM STRAIGHTEN,3.0
EOR/00000002/01/2023,SPNU2792334,DOOR HARDWARE - LOCKING BAR HANDLE STRAIGHTEN,2.0
EOR/00000002/01/2023,SPNU2792334,PANEL - WELD 15 CM,3.0
EOR/00000002/01/2023,SPNU2792334,DOOR HARDWARE - LOCKING BAR ROD STRAIGHTEN,1.0
EOR/00000004/01/2023,SPNU2839051,FLOORING - PLYWOOD SECTION 120X150 CM,1.0
EOR/00000004/01/2023,SPNU2839051,GASKET - GASKET SEALING 5 CM,1.0
EOR/00000004/01/2023,SPNU2839051,MISCELENEOUS - SECURING DEVICE / OTHER MATERIAL REMOVE,1.0
EOR/00000004/01/2023,SPNU2839051,CROSS MEMBER - INSERT 30 CM,1.0
EOR/00000004/01/2023,SPNU2839051,FORKLIFT POCKET - WEB STRAIGHTEN,2.0
EOR/00000007/01/2023,SPNU2104880,CROSS MEMBER - STRAIGHTEN,5.0
EOR/00000007/01/2023,SPNU2104880,"FLOORING - PLYWOOD / PLANK, REMOVE ASPAL, 20 FEET 10%",1.0
EOR/00000007/01/2023,SPNU2104880,PANEL - STRAIGHTEN 30X60 CM,1.0
EOR/00000007/01/2023,SPNU2104880,MISCELENEOUS - SECURING DEVICE / OTHER MATERIAL REMOVE,1.0
EOR/00000007/01/2023,SPNU2104880,GASKET - GASKET SECTION 30 CM,2.0
EOR/00000007/01/2023,SPNU2104880,CORNER CASTING - REPLACE,1.0
EOR/00000007/01/2023,SPNU2104880,DOOR HARDWARE - HANDLE CATCH REPLACE,1.0
EOR/00000007/01/2023,SPNU2104880,GASKET - GASKET SEALING 5 CM,1.0
EOR/00000007/01/2023,SPNU2104880,DOOR SILL - INSERT 15 CM,1.0
EOR/00000007/01/2023,SPNU2104880,DOOR HARDWARE - LOCKING BAR KEEPER STRAIGHTEN,1.0
EOR/00000007/01/2023,SPNU2104880,GASKET - GASKET AND STRIP RESECURE 30 CM,1.0
EOR/00000007/01/2023,SPNU2104880,PANEL - WELD 30 CM,1.0
EOR/00000007/01/2023,SPNU2104880,"CROSS MEMBER - STRAIGHTEN, WELD",1.0
EOR/00000007/01/2023,SPNU2104880,FLOORING - PLYWOOD SECTION 60X120 CM,1.0
EOR/00000007/01/2023,SPNU2104880,PANEL - INSERT / PATCH 60X90 CM,1.0
EOR/00000008/01/2023,SPNU2108972,CROSS MEMBER - STRAIGHTEN,5.0
EOR/00000008/01/2023,SPNU2108972,"FORKLIFT POCKET - WEB STRAIGHTEN, WELD 15 CM",2.0
EOR/00000008/01/2023,SPNU2108972,FLOORING - PLYWOOD SECTION 120X150 CM,1.0
EOR/00000008/01/2023,SPNU2108972,FLOORING - PLYWOOD PATCH BY PLATE 30X30 CM,1.0
EOR/00000008/01/2023,SPNU2108972,21 FEET ADDITIONAL PANEL ASSEMBLY - INSERT 30X15 CM,2.0
EOR/00000008/01/2023,SPNU2108972,PANEL - WELD 15 CM,2.0
EOR/00000008/01/2023,SPNU2108972,MISCELENEOUS - SECURING DEVICE / OTHER MATERIAL REMOVE,1.0
EOR/00000008/01/2023,SPNU2108972,DOOR HARDWARE - LOCKING BAR ROD STRAIGHTEN,2.0
EOR/00000008/01/2023,SPNU2108972,DOOR HARDWARE - LOCKING BAR CAM STRAIGHTEN,3.0
EOR/00000008/01/2023,SPNU2108972,GASKET - GASKET SEALING 5 CM,1.0
EOR/00000008/01/2023,SPNU2108972,GASKET - GASKET SECTION 30 CM,4.0
EOR/00000008/01/2023,SPNU2108972,HINGE - STRAIGHTEN,6.0
EOR/00000008/01/2023,SPNU2108972,DOORS - FRAME STRAIGHTEN 60 CM,2.0
EOR/00000008/01/2023,SPNU2108972,DOOR SILL - INSERT 15 CM,2.0
EOR/00000008/01/2023,SPNU2108972,21 FEET ADDITIONAL RAIL STIFFENER - WELD 15 CM,4.0
EOR/00000008/01/2023,SPNU2108972,PANEL - WELD 15 CM,6.0
EOR/00000008/01/2023,SPNU2108972,PANEL - WELD 15 CM,3.0
EOR/00000009/01/2023,SPNU2102090,DOOR HARDWARE - LOCKING BAR CAM STRAIGHTEN,4.0
EOR/00000009/01/2023,SPNU2102090,PANEL - INSERT / PATCH 60X60 CM,1.0
EOR/00000009/01/2023,SPNU2102090,DOOR HARDWARE - LOCKING BAR ROD STRAIGHTEN,3.0
EOR/00000009/01/2023,SPNU2102090,MISCELENEOUS - SECURING DEVICE / OTHER MATERIAL REMOVE,1.0
EOR/00000009/01/2023,SPNU2102090,PANEL - INSERT / PATCH 30X30 CM,1.0
EOR/00000009/01/2023,SPNU2102090,FLOORING - PLYWOOD / PLANK RESECURE UP TO 12 SCREW,2.0
EOR/00000009/01/2023,SPNU2102090,CROSS MEMBER - STRAIGHTEN,3.0
EOR/00000009/01/2023,SPNU2102090,FORKLIFT POCKET - WEB WELD 15 CM,1.0
EOR/00000009/01/2023,SPNU2102090,PANEL - WELD 15 CM,3.0
EOR/00000009/01/2023,SPNU2102090,21 FEET ADDITIONAL PANEL ASSEMBLY - INSERT 30X15 CM,1.0
EOR/00000009/01/2023,SPNU2102090,21 FEET ADDITIONAL RAIL STIFFENER - WELD 15 CM,4.0
EOR/00000009/01/2023,SPNU2102090,21 FEET ADDITIONAL RAIL STIFFENER - REPLACE 30 CM,2.0
EOR/00000009/01/2023,SPNU2102090,21 FEET ADDITIONAL PANEL ASSEMBLY - INSERT 30X15 CM,1.0
EOR/00000009/01/2023,SPNU2102090,PANEL - WELD 15 CM,2.0
EOR/00000009/01/2023,SPNU2102090,HEADER EXTENTION - INSERT 30X30 CM,1.0
EOR/00000009/01/2023,SPNU2102090,DOORS - FRAME STRAIGHTEN 60 CM,1.0
EOR/00000009/01/2023,SPNU2102090,HINGE - STRAIGHTEN,4.0
EOR/00000009/01/2023,SPNU2102090,GASKET - GASKET SECTION 30 CM,4.0
EOR/00000009/01/2023,SPNU2102090,GASKET - GASKET SEALING 5 CM,1.0
EOR/00000009/01/2023,SPNU2102090,PANEL - WELD 15 CM,1.0
EOR/00000010/01/2023,SPNU4608196,GASKET - GASKET SEALING 15 CM,2.0
EOR/00000010/01/2023,SPNU4608196,PANEL - INSERT / PATCH 30X30 CM,1.0
EOR/00000010/01/2023,SPNU4608196,GASKET - STRIP SECTION 60 CM,1.0
EOR/00000010/01/2023,SPNU4608196,DOOR HARDWARE - LOCKING BAR ROD STRAIGHTEN,2.0
EOR/00000010/01/2023,SPNU4608196,DOOR HARDWARE - LOCKING BAR CAM STRAIGHTEN,2.0
EOR/00000010/01/2023,SPNU4608196,HINGE - STRAIGHTEN,3.0
EOR/00000011/01/2023,SPNU2850240,GASKET - GASKET SEALING 5 CM,1.0
EOR/00000011/01/2023,SPNU2850240,DOOR HARDWARE - LOCKING BAR CAM STRAIGHTEN,2.0
EOR/00000011/01/2023,SPNU2850240,DOOR HARDWARE - LOCKING BAR ROD STRAIGHTEN,2.0
EOR/00000011/01/2023,SPNU2850240,GASKET - GASKET SECTION 30 CM,2.0
EOR/00000011/01/2023,SPNU2850240,HINGE - STRAIGHTEN,4.0
EOR/00000011/01/2023,SPNU2850240,FLOORING - PLYWOOD REPLACE 120X240 CM,1.0
EOR/00000011/01/2023,SPNU2850240,GASKET - GASKET AND STRIP RESECURE 30 CM,1.0
EOR/00000011/01/2023,SPNU2850240,FRONT SILL - INSERT 60 CM,1.0
EOR/00000011/01/2023,SPNU2850240,FRONT SILL - GUSSET REPLACE,1.0
EOR/00000011/01/2023,SPNU2850240,CROSS MEMBER - STRAIGHTEN,1.0
EOR/00000011/01/2023,SPNU2850240,FLOORING - PLYWOOD SECTION 60X120 CM,2.0
EOR/00000011/01/2023,SPNU2850240,MISCELENEOUS - SECURING DEVICE / OTHER MATERIAL REMOVE,1.0
EOR/00000011/01/2023,SPNU2850240,FLOORING - PLYWOOD SECTION 120X120 CM,1.0
EOR/00000012/01/2023,SPNU2739710,PANEL - WELD 15 CM,2.0
EOR/00000012/01/2023,SPNU2739710,PANEL - INSERT / PATCH 30X60 CM,1.0
EOR/00000012/01/2023,SPNU2739710,GASKET - GASKET SEALING 5 CM,1.0
EOR/00000012/01/2023,SPNU2739710,GASKET - GASKET SECTION 30 CM,3.0
EOR/00000012/01/2023,SPNU2739710,HINGE - STRAIGHTEN,4.0
EOR/00000012/01/2023,SPNU2739710,DOOR HARDWARE - LOCKING BAR ROD STRAIGHTEN,2.0
EOR/00000012/01/2023,SPNU2739710,DOOR HARDWARE - LOCKING BAR CAM STRAIGHTEN,3.0
EOR/00000012/01/2023,SPNU2739710,DOORS - FRAME STRAIGHTEN 60 CM,1.0
EOR/00000012/01/2023,SPNU2739710,DOORS - FRAME STRAIGHTEN 90 CM,1.0
EOR/00000012/01/2023,SPNU2739710,GASKET - GASKET AND STRIP RESECURE 30 CM,2.0
EOR/00000012/01/2023,SPNU2739710,PANEL - WELD 15 CM,2.0
EOR/00000012/01/2023,SPNU2739710,PANEL - WELD 15 CM,1.0
EOR/00000012/01/2023,SPNU2739710,MISCELENEOUS - FLOORING SWEEPING 20 FEET,1.0
EOR/00000012/01/2023,SPNU2739710,"MISCELENEOUS - EXTERIOR / INTERIOR ABRASIVE, PAINT 20 FEET 5%",1.0
EOR/00000012/01/2023,SPNU2739710,PANEL - STRAIGHTEN 60X90 CM,1.0
EOR/00000012/01/2023,SPNU2739710,MISCELENEOUS - SECURING DEVICE / OTHER MATERIAL REMOVE,1.0
EOR/00000053/01/2023,SPNU3110980,GASKET - GASKET SEALING 15 CM,1.0
EOR/00000053/01/2023,SPNU3110980,HINGE - STRAIGHTEN,2.0
EOR/00000053/01/2023,SPNU3110980,DOOR HARDWARE - LOCKING BAR ROD STRAIGHTEN,2.0
EOR/00000053/01/2023,SPNU3110980,GASKET - GASKET SECTION 30 CM,3.0
EOR/00000053/01/2023,SPNU3110980,"FLOORING - PLYWOOD / PLANK, REMOVE ASPAL, 20 FEET 10%",1.0
EOR/00000058/01/2023,SPNU2792695,FLOORING - PLYWOOD SECTION 90X120 CM,1.0
EOR/00000058/01/2023,SPNU2792695,FLOORING - PLYWOOD SECTION 120X150 CM,1.0
EOR/00000058/01/2023,SPNU2792695,DOOR HARDWARE - LOCKING BAR CAM STRAIGHTEN,2.0
EOR/00000058/01/2023,SPNU2792695,HINGE - STRAIGHTEN,3.0
EOR/00000058/01/2023,SPNU2792695,PANEL - STRAIGHTEN 60X90 CM,1.0
EOR/00000058/01/2023,SPNU2792695,CROSS MEMBER - STRAIGHTEN,3.0
EOR/00000058/01/2023,SPNU2792695,GASKET - GASKET SEALING 5 CM,1.0
EOR/00000058/01/2023,SPNU2792695,DOOR HARDWARE - LOCKING BAR GUIDE STRAIGHTEN,1.0
EOR/00000058/01/2023,SPNU2792695,FLOORING - PLYWOOD REPLACE 120X240 CM,1.0
EOR/00000058/01/2023,SPNU2792695,FLOORING - PLYWOOD / PLANK RESECURE UP TO 12 SCREW,1.0
EOR/00000058/01/2023,SPNU2792695,MISCELENEOUS - FLOORING SWEEPING 20 FEET,1.0
EOR/00000063/01/2023,SPNU2807901,PANEL - WELD 30 CM,2.0
EOR/00000063/01/2023,SPNU2807901,DOOR HARDWARE - HANDLE CATCH STRAIGHTEN,1.0
EOR/00000063/01/2023,SPNU2807901,GASKET - GASKET SECTION 30 CM,2.0
EOR/00000063/01/2023,SPNU2807901,VENTILATOR - SEALING,1.0
EOR/00000063/01/2023,SPNU2807901,HINGE - STRAIGHTEN,4.0
EOR/00000063/01/2023,SPNU2807901,DOOR HARDWARE - LOCKING BAR CAM STRAIGHTEN,3.0
EOR/00000063/01/2023,SPNU2807901,GASKET - GASKET SEALING 15 CM,1.0
EOR/00000063/01/2023,SPNU2807901,PANEL - WELD 15 CM,6.0
EOR/00000063/01/2023,SPNU2807901,FLOORING - LEASING PLYWOOD SECTION 60X120 CM,1.0
EOR/00000063/01/2023,SPNU2807901,BOTTOM RAIL - STRAIGHTEN 60 CM,1.0
EOR/00000083/01/2023,SPNU2724833,GASKET - GASKET AND STRIP RESECURE 30 CM,1.0
EOR/00000083/01/2023,SPNU2724833,DOOR HARDWARE - LOCKING BAR HANDLE STRAIGHTEN,1.0
EOR/00000083/01/2023,SPNU2724833,HINGE - WELD,1.0
EOR/00000083/01/2023,SPNU2724833,DOORS - FRAME VERTICAL SECTION 15 CM,1.0
EOR/00000083/01/2023,SPNU2724833,GASKET - GASKET SECTION 30 CM,1.0
EOR/00000083/01/2023,SPNU2724833,GASKET - GASKET SEALING 5 CM,1.0
EOR/00000083/01/2023,SPNU2724833,MISCELENEOUS - SECURING DEVICE / OTHER MATERIAL REMOVE,1.0
EOR/00000083/01/2023,SPNU2724833,DOOR HARDWARE - LOCKING BAR ROD STRAIGHTEN,3.0
EOR/00000083/01/2023,SPNU2724833,DOOR SILL - STRAIGHTEN 30 CM,1.0
EOR/00000083/01/2023,SPNU2724833,FLOORING - PLYWOOD SECTION 120X150 CM,1.0
EOR/00000083/01/2023,SPNU2724833,FLOORING - PLYWOOD SECTION 60X120 CM,2.0
EOR/00000083/01/2023,SPNU2724833,PANEL - INSERT / PATCH 15X30 CM,1.0
EOR/00000083/01/2023,SPNU2724833,DOOR HARDWARE - LOCKING BAR CAM STRAIGHTEN,2.0
EOR/00000084/01/2023,SPNU2720714,MISCELENEOUS - FLOORING SWEEPING 20 FEET,1.0
EOR/00000084/01/2023,SPNU2720714,FLOORING - PLYWOOD PATCH BY PLATE 30X30 CM,2.0
EOR/00000084/01/2023,SPNU2720714,CROSS MEMBER - REPLACE,1.0
EOR/00000084/01/2023,SPNU2720714,CROSS MEMBER - STRAIGHTEN,4.0
EOR/00000084/01/2023,SPNU2720714,VENTILATOR - PLASTIC SMALL REPLACE,1.0
EOR/00000084/01/2023,SPNU2720714,PANEL - STRAIGHTEN 60X60 CM,1.0
EOR/00000084/01/2023,SPNU2720714,PANEL - INSERT / PATCH 30X60 CM,1.0
EOR/00000084/01/2023,SPNU2720714,HINGE - STRAIGHTEN,4.0
EOR/00000084/01/2023,SPNU2720714,PANEL - STRAIGHTEN 60X90 CM,1.0
EOR/00000084/01/2023,SPNU2720714,DOOR HARDWARE - LOCKING BAR ROD STRAIGHTEN,2.0
EOR/00000084/01/2023,SPNU2720714,DOOR HARDWARE - LOCKING BAR CAM STRAIGHTEN,4.0
EOR/00000085/01/2023,SPNU2695083,DOOR HARDWARE - LOCKING BAR CAM STRAIGHTEN,2.0
EOR/00000085/01/2023,SPNU2695083,GASKET - GASKET SEALING 120 CM,4.0
EOR/00000085/01/2023,SPNU2695083,HINGE - REMOVE / REFIT,1.0
EOR/00000085/01/2023,SPNU2695083,HINGE - STRAIGHTEN,6.0
EOR/00000085/01/2023,SPNU2695083,GASKET - GASKET AND STRIP RESECURE 90 CM,2.0
EOR/00000085/01/2023,SPNU2695083,OTHER MARKING - REMOVE MARKING LABEL,1.0
EOR/00000085/01/2023,SPNU2695083,PANEL - WELD 15 CM,6.0
EOR/00000085/01/2023,SPNU2695083,DOORS - FRAME VERTICAL SECTION 15 CM,3.0
EOR/00000085/01/2023,SPNU2695083,FLOORING - PLYWOOD / PLANK RESECURE UP TO 12 SCREW,2.0
EOR/00000085/01/2023,SPNU2695083,FLOORING - PLYWOOD PATCH BY PLATE 30X30 CM,1.0
EOR/00000085/01/2023,SPNU2695083,ISO MARKING - SERIAL NUMBER/CD REPLACE PER PIECE,2.0
EOR/00000085/01/2023,SPNU2695083,ISO MARKING - OWNERS CODE REPLACE,2.0
EOR/00000085/01/2023,SPNU2695083,CROSS MEMBER - STRAIGHTEN,4.0
EOR/00000085/01/2023,SPNU2695083,CROSS MEMBER - INSERT 30 CM,2.0
EOR/00000086/01/2023,SPNU2695720,DOOR HARDWARE - LOCKING BAR ROD STRAIGHTEN,2.0
EOR/00000086/01/2023,SPNU2695720,DOOR HARDWARE - LOCKING BAR CAM STRAIGHTEN,2.0
EOR/00000086/01/2023,SPNU2695720,CROSS MEMBER - INSERT 30 CM,1.0
EOR/00000086/01/2023,SPNU2695720,MISCELENEOUS - SECURING DEVICE / OTHER MATERIAL REMOVE,1.0
EOR/00000086/01/2023,SPNU2695720,CROSS MEMBER - REPLACE,1.0
EOR/00000086/01/2023,SPNU2695720,PANEL - WELD 15 CM,1.0
EOR/00000086/01/2023,SPNU2695720,PANEL - STRAIGHTEN 30X30 CM,1.0
EOR/00000086/01/2023,SPNU2695720,PANEL - WELD 15 CM,1.0
EOR/00000086/01/2023,SPNU2695720,GASKET - GASKET SEALING 5 CM,1.0
EOR/00000086/01/2023,SPNU2695720,DOOR HARDWARE - LOCKING BAR BRACKET RESECURE,1.0
EOR/00000086/01/2023,SPNU2695720,PANEL - WELD 15 CM,1.0
EOR/00000091/01/2023,SPNU2850554,DOOR HARDWARE - LOCKING BAR ROD STRAIGHTEN,2.0
EOR/00000091/01/2023,SPNU2850554,FLOORING - PLYWOOD SECTION 120X120 CM,2.0
EOR/00000091/01/2023,SPNU2850554,MISCELENEOUS - FLOORING SWEEPING 20 FEET,1.0
EOR/00000091/01/2023,SPNU2850554,OTHER MARKING - REMOVE MARKING LABEL,1.0
EOR/00000091/01/2023,SPNU2850554,DOOR SILL - STRAIGHTEN 60 CM,1.0
EOR/00000091/01/2023,SPNU2850554,GASKET - GASKET SEALING 5 CM,4.0
EOR/00000091/01/2023,SPNU2850554,PANEL - STRAIGHTEN 60X90 CM,1.0
EOR/00000091/01/2023,SPNU2850554,DOOR HARDWARE - LOCKING BAR KEEPER STRAIGHTEN,1.0
EOR/00000091/01/2023,SPNU2850554,FLOORING - PLYWOOD / PLANK RESECURE UP TO 12 SCREW,2.0
EOR/00000091/01/2023,SPNU2850554,CROSS MEMBER - STRAIGHTEN,4.0
EOR/00000105/01/2023,SPNU2721602,"CROSS MEMBER - STRAIGHTEN, WELD 15 CM",4.0
EOR/00000105/01/2023,SPNU2721602,GASKET - GASKET SECTION 120 CM,1.0
EOR/00000105/01/2023,SPNU2721602,GASKET - GASKET SECTION 90 CM,2.0
EOR/00000105/01/2023,SPNU2721602,PANEL - INSERT / PATCH 15X15 CM,4.0
EOR/00000105/01/2023,SPNU2721602,PANEL - INSERT / PATCH 15X15 CM,1.0
EOR/00000105/01/2023,SPNU2721602,MISCELENEOUS - SECURING DEVICE / OTHER MATERIAL REMOVE,1.0
EOR/00000105/01/2023,SPNU2721602,MISCELENEOUS - FLOORING SWEEPING 20 FEET,1.0
EOR/00000105/01/2023,SPNU2721602,FLOORING - PLYWOOD PATCH BY PLATE 30X30 CM,1.0
EOR/00000105/01/2023,SPNU2721602,FLOORING - PLYWOOD SECTION 90X120 CM,1.0
EOR/00000105/01/2023,SPNU2721602,CROSS MEMBER - INSERT 60 CM,2.0
EOR/00000105/01/2023,SPNU2721602,GASKET - GASKET SECTION 60 CM,1.0
EOR/00000105/01/2023,SPNU2721602,GASKET - GASKET SEALING 5 CM,1.0
EOR/00000105/01/2023,SPNU2721602,PANEL - WELD 15 CM,1.0
EOR/00000105/01/2023,SPNU2721602,PANEL - WELD 15 CM,4.0
EOR/00000105/01/2023,SPNU2721602,FORKLIFT POCKET - WEB STRAIGHTEN,1.0
EOR/00000105/01/2023,SPNU2721602,DOOR HARDWARE - LOCKING BAR ROD STRAIGHTEN,2.0
EOR/00000105/01/2023,SPNU2721602,DOOR HARDWARE - LOCKING BAR CAM STRAIGHTEN,4.0
EOR/00000105/01/2023,SPNU2721602,CROSS MEMBER - REPLACE,2.0
EOR/00000106/01/2023,SPNU2722661,CROSS MEMBER - STRAIGHTEN,3.0
EOR/00000106/01/2023,SPNU2722661,PANEL - WELD 15 CM,1.0
EOR/00000106/01/2023,SPNU2722661,GASKET - GASKET SEALING 5 CM,1.0
EOR/00000106/01/2023,SPNU2722661,PANEL - INSERT / PATCH 15X15 CM,1.0
EOR/00000106/01/2023,SPNU2722661,FLOORING - PLYWOOD SECTION 60X120 CM,2.0
EOR/00000106/01/2023,SPNU2722661,MISCELENEOUS - FLOORING SWEEPING 20 FEET,1.0
EOR/00000106/01/2023,SPNU2722661,DOOR HARDWARE - LOCKING BAR CAM STRAIGHTEN,3.0
EOR/00000106/01/2023,SPNU2722661,DOOR HARDWARE - LOCKING BAR ROD STRAIGHTEN,2.0
EOR/00000106/01/2023,SPNU2722661,FLOORING - PLYWOOD PATCH BY PLATE 30X30 CM,1.0
EOR/00000107/01/2023,SPNU2714440,PANEL - WELD 15 CM,2.0
EOR/00000107/01/2023,SPNU2714440,PANEL - INSERT / PATCH 30X30 CM,1.0
EOR/00000107/01/2023,SPNU2714440,FLOORING - PLYWOOD SECTION 60X120 CM,1.0
EOR/00000107/01/2023,SPNU2714440,ISO MARKING - OWNERS CODE REPLACE,2.0
EOR/00000107/01/2023,SPNU2714440,ISO MARKING - SERIAL NUMBER/CD REPLACE PER PIECE,2.0
EOR/00000107/01/2023,SPNU2714440,MISCELENEOUS - SECURING DEVICE / OTHER MATERIAL REMOVE,1.0
EOR/00000107/01/2023,SPNU2714440,PANEL - STRAIGHTEN 60X60 CM,1.0
EOR/00000107/01/2023,SPNU2714440,DOOR HARDWARE - LOCKING BAR KEEPER STRAIGHTEN,1.0
EOR/00000107/01/2023,SPNU2714440,DOOR HARDWARE - LOCKING BAR CAM STRAIGHTEN,2.0
EOR/00000107/01/2023,SPNU2714440,GASKET - GASKET SEALING 5 CM,1.0
EOR/00000107/01/2023,SPNU2714440,DOOR HARDWARE - LOCKING BAR GUIDE STRAIGHTEN,2.0
EOR/00000107/01/2023,SPNU2714440,GASKET - GASKET SECTION 30 CM,1.0
EOR/00000107/01/2023,SPNU2714440,PANEL - WELD 15 CM,3.0
EOR/00000107/01/2023,SPNU2714440,PANEL - INSERT / PATCH 15X15 CM,1.0
EOR/00000107/01/2023,SPNU2714440,PANEL - INSERT / PATCH 15X30 CM,1.0
EOR/00000107/01/2023,SPNU2714440,DOOR HARDWARE - LOCKING BAR HANDLE STRAIGHTEN,1.0
EOR/00000107/01/2023,SPNU2714440,DOOR HARDWARE - HANDLE CATCH STRAIGHTEN,1.0
EOR/00000107/01/2023,SPNU2714440,"BOTTOM RAIL - STRAIGHTEN, WELD 15 CM",2.0
EOR/00000107/01/2023,SPNU2714440,CROSS MEMBER - STRAIGHTEN,3.0
EOR/00000107/01/2023,SPNU2714440,FLOORING - PLYWOOD SECTION 60X120 CM,1.0
EOR/00000107/01/2023,SPNU2714440,FLOORING - PLYWOOD SECTION 60X120 CM,1.0
EOR/00000108/01/2023,SPNU2868888,DOOR HARDWARE - LOCKING BAR CAM STRAIGHTEN,3.0
EOR/00000108/01/2023,SPNU2868888,BOTTOM RAIL - DOUBLER PLATE REPLACE,1.0
EOR/00000108/01/2023,SPNU2868888,BOTTOM RAIL - INSERT 45 CM,1.0
EOR/00000108/01/2023,SPNU2868888,PANEL - INSERT / PATCH 15X45 CM,1.0
EOR/00000108/01/2023,SPNU2868888,PANEL - WELD 15 CM,1.0
EOR/00000108/01/2023,SPNU2868888,GASKET - GASKET SEALING 5 CM,1.0
EOR/00000108/01/2023,SPNU2868888,OTHER MARKING - CSC PLATE RESECURE,1.0
EOR/00000109/01/2023,SPNU2896067,GASKET - GASKET SEALING 5 CM,1.0
EOR/00000109/01/2023,SPNU2896067,GASKET - GASKET SECTION 90 CM,1.0
EOR/00000109/01/2023,SPNU2896067,GASKET - STRIP REPLACE 120 CM,2.0
EOR/00000109/01/2023,SPNU2896067,DOOR HARDWARE - LOCKING BAR ROD STRAIGHTEN,2.0
EOR/00000109/01/2023,SPNU2896067,GASKET - GASKET SEALING 5 CM,2.0
EOR/00000109/01/2023,SPNU2896067,MISCELENEOUS - SECURING DEVICE / OTHER MATERIAL REMOVE,1.0
EOR/00000109/01/2023,SPNU2896067,HINGE - STRAIGHTEN,2.0
EOR/00000109/01/2023,SPNU2896067,FLOORING - PLYWOOD SECTION 60X120 CM,1.0
EOR/00000109/01/2023,SPNU2896067,PANEL - INSERT / PATCH 30X30 CM,1.0
EOR/00000109/01/2023,SPNU2896067,PANEL - WELD 30 CM,1.0
EOR/00000110/01/2023,SPNU2806654,OTHER MARKING - OWNER DOOR LOGO,1.0
EOR/00000110/01/2023,SPNU2806654,GASKET - GASKET SEALING 5 CM,1.0
EOR/00000110/01/2023,SPNU2806654,HINGE - STRAIGHTEN,4.0
EOR/00000110/01/2023,SPNU2806654,DOOR HARDWARE - LOCKING BAR CAM STRAIGHTEN,4.0
EOR/00000110/01/2023,SPNU2806654,GASKET - GASKET AND STRIP RESECURE 60 CM,1.0
EOR/00000110/01/2023,SPNU2806654,DOOR HARDWARE - LOCKING BAR HANDLE HUB REPLACE,1.0
EOR/00000110/01/2023,SPNU2806654,DOOR HARDWARE - HANDLE CATCH REPLACE,2.0
EOR/00000110/01/2023,SPNU2806654,CROSS MEMBER - STRAIGHTEN,2.0
EOR/00000110/01/2023,SPNU2806654,MISCELENEOUS - SECURING DEVICE / OTHER MATERIAL REMOVE,1.0
EOR/00000110/01/2023,SPNU2806654,PANEL - STRAIGHTEN 60X60 CM,1.0
EOR/00000110/01/2023,SPNU2806654,FLOORING - PLYWOOD SECTION 120X180CM,4.0
EOR/00000110/01/2023,SPNU2806654,VENTILATOR - PLASTIC SMALL REPLACE,1.0
EOR/00000110/01/2023,SPNU2806654,PANEL - STRAIGHTEN 60X90 CM,1.0
EOR/00000110/01/2023,SPNU2806654,DOOR HARDWARE - LOCKING BAR ROD STRAIGHTEN,2.0
EOR/00000110/01/2023,SPNU2806654,DOOR SILL - STRAIGHTEN 60 CM,1.0
EOR/00000111/01/2023,SPNU2759296,CROSS MEMBER - REPLACE,4.0
EOR/00000111/01/2023,SPNU2759296,CROSS MEMBER - INSERT 60 CM,1.0
EOR/00000111/01/2023,SPNU2759296,GASKET - GASKET SECTION 60 CM,1.0
EOR/00000111/01/2023,SPNU2759296,DOOR HARDWARE - LOCKING BAR ROD STRAIGHTEN,2.0
EOR/00000111/01/2023,SPNU2759296,DOOR HARDWARE - LOCKING BAR CAM STRAIGHTEN,3.0
EOR/00000111/01/2023,SPNU2759296,PANEL - WELD 30 CM,2.0
EOR/00000111/01/2023,SPNU2759296,ISO MARKING - SERIAL NUMBER/CD REPLACE PER PIECE,2.0
EOR/00000111/01/2023,SPNU2759296,ISO MARKING - OWNERS CODE REPLACE,2.0
EOR/00000111/01/2023,SPNU2759296,PANEL - WELD 15 CM,8.0
EOR/00000111/01/2023,SPNU2759296,FLOORING - PLYWOOD PATCH BY PLATE 30X30 CM,1.0
EOR/00000111/01/2023,SPNU2759296,FLOORING - PLYWOOD SECTION 120X120 CM,1.0
EOR/00000111/01/2023,SPNU2759296,DOOR HARDWARE - LOCKING BAR HANDLE HUB STRAIGHTEN,2.0
EOR/00000112/01/2023,SPNU2705469,ISO MARKING - SERIAL NUMBER/CD REPLACE PER PIECE,2.0
EOR/00000112/01/2023,SPNU2705469,PANEL - WELD 15 CM,4.0
EOR/00000112/01/2023,SPNU2705469,MISCELENEOUS - SECURING DEVICE / OTHER MATERIAL REMOVE,1.0
EOR/00000112/01/2023,SPNU2705469,FORKLIFT POCKET - WEB REPLACE,1.0
EOR/00000112/01/2023,SPNU2705469,FORKLIFT POCKET - WEB WELD 15 CM,2.0
EOR/00000112/01/2023,SPNU2705469,FLOORING - PLYWOOD SECTION 120X120 CM,2.0
EOR/00000112/01/2023,SPNU2705469,FLOORING - PLYWOOD PATCH BY PLATE 30X30 CM,1.0
EOR/00000112/01/2023,SPNU2705469,"CROSS MEMBER - STRAIGHTEN, WELD",1.0
EOR/00000112/01/2023,SPNU2705469,PANEL - INSERT / PATCH 15X60 CM,1.0
EOR/00000112/01/2023,SPNU2705469,PANEL - WELD 15 CM,1.0
EOR/00000112/01/2023,SPNU2705469,PANEL - WELD 30 CM,1.0
EOR/00000112/01/2023,SPNU2705469,GASKET - GASKET SECTION 30 CM,2.0
EOR/00000112/01/2023,SPNU2705469,GASKET - GASKET SEALING 5 CM,1.0
EOR/00000112/01/2023,SPNU2705469,DOOR HARDWARE - STOPPER PLATE REPLACE,1.0
EOR/00000112/01/2023,SPNU2705469,DOOR HARDWARE - LOCKING BAR ROD STRAIGHTEN,2.0
EOR/00000112/01/2023,SPNU2705469,DOOR HARDWARE - LOCKING BAR KEEPER STRAIGHTEN,1.0
EOR/00000112/01/2023,SPNU2705469,DOOR HARDWARE - LOCKING BAR CAM STRAIGHTEN,3.0
EOR/00000112/01/2023,SPNU2705469,ISO MARKING - OWNERS CODE REPLACE,2.0
EOR/00000113/01/2023,SPNU2761781,GASKET - GASKET SEALING 5 CM,2.0
EOR/00000113/01/2023,SPNU2761781,MISCELENEOUS - SECURING DEVICE / OTHER MATERIAL REMOVE,1.0
EOR/00000113/01/2023,SPNU2761781,PANEL - INSERT / PATCH 15X45 CM,1.0
EOR/00000113/01/2023,SPNU2761781,"FLOORING - PLYWOOD / PLANK, REMOVE ASPAL, 20 FEET 10%",2.0
EOR/00000113/01/2023,SPNU2761781,FLOORING - PLYWOOD SECTION 90X120 CM,2.0
EOR/00000113/01/2023,SPNU2761781,FLOORING - PLYWOOD PATCH BY PLATE 30X30 CM,1.0
EOR/00000113/01/2023,SPNU2761781,FORKLIFT POCKET - WEB REPLACE,1.0
EOR/00000113/01/2023,SPNU2761781,FORKLIFT POCKET - WEB WELD 15 CM,1.0
EOR/00000113/01/2023,SPNU2761781,CROSS MEMBER - REPLACE,5.0
EOR/00000113/01/2023,SPNU2761781,PANEL - INSERT / PATCH 15X30 CM,2.0
EOR/00000113/01/2023,SPNU2761781,PANEL - INSERT / PATCH 15X45 CM,1.0
EOR/00000113/01/2023,SPNU2761781,PANEL - WELD 30 CM,2.0
EOR/00000113/01/2023,SPNU2761781,DOORS - FRAME STRAIGHTEN 60 CM,1.0
EOR/00000113/01/2023,SPNU2761781,GASKET - GASKET SECTION 30 CM,2.0
EOR/00000113/01/2023,SPNU2761781,GASKET - GASKET SEALING 5 CM,1.0
EOR/00000113/01/2023,SPNU2761781,DOORS - FRAME HORIZONTAL INSERT 45 CM,1.0
EOR/00000113/01/2023,SPNU2761781,DOOR HARDWARE - LOCKING BAR KEEPER STRAIGHTEN,1.0
EOR/00000113/01/2023,SPNU2761781,MISCELENEOUS - SECURING DEVICE / OTHER MATERIAL REMOVE,1.0
EOR/00000113/01/2023,SPNU2761781,PANEL - STRAIGHTEN 30X30 CM,1.0
EOR/00000113/01/2023,SPNU2761781,DOOR HARDWARE - LOCKING BAR GUIDE STRAIGHTEN,1.0
EOR/00000113/01/2023,SPNU2761781,DOOR HARDWARE - LOCKING BAR CAM STRAIGHTEN,3.0
EOR/00000113/01/2023,SPNU2761781,DOOR HARDWARE - LOCKING BAR ROD STRAIGHTEN,3.0
EOR/00000114/01/2023,SPNU2671543,GASKET - GASKET SEALING 5 CM,6.0
EOR/00000114/01/2023,SPNU2671543,DOORS - FRAME STRAIGHTEN 120 CM,1.0
EOR/00000114/01/2023,SPNU2671543,OTHER MARKING - REMOVE MARKING LABEL,1.0
EOR/00000114/01/2023,SPNU2671543,PANEL - WELD 15 CM,5.0
EOR/00000114/01/2023,SPNU2671543,PANEL - WELD 15 CM,7.0
EOR/00000114/01/2023,SPNU2671543,GASKET - GASKET AND STRIP RESECURE 90 CM,3.0
EOR/00000114/01/2023,SPNU2671543,PANEL - WELD 15 CM,6.0
EOR/00000114/01/2023,SPNU2671543,ISO MARKING - SERIAL NUMBER/CD REPLACE PER PIECE,2.0
EOR/00000114/01/2023,SPNU2671543,FLOORING - PLYWOOD / PLANK RESECURE UP TO 12 SCREW,2.0
EOR/00000114/01/2023,SPNU2671543,GASKET - GASKET SEALING 120 CM,4.0
EOR/00000114/01/2023,SPNU2671543,DOOR HARDWARE - LOCKING BAR CAM STRAIGHTEN,2.0
EOR/00000114/01/2023,SPNU2671543,"PANEL - STRAIGHTEN, WELD 15 CM",5.0
EOR/00000122/01/2023,SPNU2757288,DOOR SILL - REPLACE WITHOUT KEEPER,1.0
EOR/00000122/01/2023,SPNU2757288,MISCELENEOUS - SECURING DEVICE / OTHER MATERIAL REMOVE,1.0
EOR/00000122/01/2023,SPNU2757288,CROSS MEMBER - REPLACE,1.0
EOR/00000122/01/2023,SPNU2757288,FLOORING - PLYWOOD SECTION 90X120 CM,2.0
EOR/00000122/01/2023,SPNU2757288,PANEL - INSERT / PATCH 15X90 CM,1.0
EOR/00000122/01/2023,SPNU2757288,PANEL - INSERT / PATCH 15X30 CM,1.0
EOR/00000122/01/2023,SPNU2757288,BOTTOM RAIL - DOUBLER PLATE REPLACE,2.0
EOR/00000122/01/2023,SPNU2757288,PANEL - INSERT / PATCH 15X15 CM,1.0
EOR/00000122/01/2023,SPNU2757288,DOOR HARDWARE - LOCKING BAR ROD STRAIGHTEN,2.0
EOR/00000122/01/2023,SPNU2757288,GASKET - GASKET SEALING 5 CM,1.0
EOR/00000122/01/2023,SPNU2757288,DOOR HARDWARE - LOCKING BAR CAM STRAIGHTEN,2.0
EOR/00000122/01/2023,SPNU2757288,"DOORS - STRAIGHTEN, WELD 15 CM",1.0
EOR/00000122/01/2023,SPNU2757288,DOORS - FRAME HORIZONTAL INSERT 15 CM,2.0
EOR/00000122/01/2023,SPNU2757288,HINGE - STRAIGHTEN,2.0
EOR/00000122/01/2023,SPNU2757288,GASKET - GASKET AND STRIP RESECURE 30 CM,1.0
EOR/00000122/01/2023,SPNU2757288,DOOR SILL - REPLACE WITHOUT KEEPER,1.0
EOR/00000122/01/2023,SPNU2757288,DOORS - WELD 15 CM,1.0
EOR/00000122/01/2023,SPNU2757288,DOOR HARDWARE - LOCKING BAR KEEPER REPLACE,4.0
EOR/00000122/01/2023,SPNU2757288,PANEL - WELD 15 CM,3.0
EOR/00000122/01/2023,SPNU2757288,CROSS MEMBER - STRAIGHTEN,2.0
EOR/00000122/01/2023,SPNU2757288,CROSS MEMBER - REPLACE,1.0
EOR/00000122/01/2023,SPNU2757288,FLOORING - PLYWOOD SECTION 90X120 CM,2.0
EOR/00000122/01/2023,SPNU2757288,MISCELENEOUS - FLOORING SWEEPING 20 FEET,1.0
EOR/00000122/01/2023,SPNU2757288,DOOR HARDWARE - LOCKING BAR KEEPER REPLACE,4.0
EOR/00000124/01/2023,SPNU2754864,GASKET - GASKET SECTION 60 CM,1.0
EOR/00000124/01/2023,SPNU2754864,PANEL - WELD 15 CM,3.0
EOR/00000124/01/2023,SPNU2754864,PANEL - WELD 15 CM,1.0
EOR/00000124/01/2023,SPNU2754864,GASKET - GASKET SECTION 30 CM,3.0
EOR/00000124/01/2023,SPNU2754864,GASKET - GASKET SEALING 5 CM,1.0
EOR/00000124/01/2023,SPNU2754864,PANEL - WELD 15 CM,2.0
EOR/00000124/01/2023,SPNU2754864,FORKLIFT POCKET - WEB WELD 15 CM,1.0
EOR/00000124/01/2023,SPNU2754864,PANEL - INSERT / PATCH 30X30 CM,1.0
EOR/00000124/01/2023,SPNU2754864,MISCELENEOUS - SECURING DEVICE / OTHER MATERIAL REMOVE,1.0
EOR/00000124/01/2023,SPNU2754864,DOOR HARDWARE - LOCKING BAR CAM STRAIGHTEN,3.0
EOR/00000124/01/2023,SPNU2754864,PANEL - INSERT / PATCH 30X60 CM,1.0
EOR/00000124/01/2023,SPNU2754864,DOOR HARDWARE - LOCKING BAR ROD STRAIGHTEN,2.0
EOR/00000127/01/2023,SPNU2746560,GASKET - GASKET AND STRIP RESECURE 90 CM,1.0
EOR/00000127/01/2023,SPNU2746560,FLOORING - PLYWOOD / PLANK SANDING 5%,2.0
EOR/00000127/01/2023,SPNU2746560,OTHER MARKING - REMOVE MARKING LABEL,1.0
EOR/00000127/01/2023,SPNU2746560,FRONT CORNER POST - REALIGNMENT,1.0
EOR/00000127/01/2023,SPNU2746560,BOTTOM RAIL - SECTION 120 CM,1.0
EOR/00000127/01/2023,SPNU2746560,DOOR HARDWARE - LOCKING BAR CAM STRAIGHTEN,2.0
EOR/00000127/01/2023,SPNU2746560,GASKET - GASKET SECTION 90 CM,2.0
EOR/00000127/01/2023,SPNU2746560,BOTTOM RAIL - DOUBLER PLATE REPLACE,1.0
EOR/00000127/01/2023,SPNU2746560,PANEL - STRAIGHTEN 60X90 CM,1.0
EOR/00000127/01/2023,SPNU2746560,PANEL - STRAIGHTEN 60X120 CM,1.0
EOR/00000127/01/2023,SPNU2746560,PANEL - WELD 15 CM,3.0
EOR/00000127/01/2023,SPNU2746560,CROSS MEMBER - REPLACE,3.0
EOR/00000127/01/2023,SPNU2746560,CROSS MEMBER - STRAIGHTEN,4.0
EOR/00000127/01/2023,SPNU2746560,DOOR HARDWARE - LOCKING BAR BRACKET RESECURE,2.0
EOR/00000127/01/2023,SPNU2746560,BOTTOM RAIL - STRAIGHTEN 120 CM,1.0
EOR/00000127/01/2023,SPNU2746560,DOOR SILL - STRAIGHTEN 120 CM,1.0
EOR/00000127/01/2023,SPNU2746560,FLOORING - PLYWOOD SECTION 120X150 CM,1.0
EOR/00000127/01/2023,SPNU2746560,FLOORING - PLYWOOD / PLANK RESECURE UP TO 12 SCREW,3.0
EOR/00000127/01/2023,SPNU2746560,OTHER MARKING - OWNER DOOR LOGO,1.0
EOR/00000129/01/2023,SPNU2894681,HINGE - REMOVE / REFIT,2.0
EOR/00000129/01/2023,SPNU2894681,GASKET - STRIP REPLACE 120 CM,2.0
EOR/00000129/01/2023,SPNU2894681,GASKET - GASKET AND STRIP RESECURE 90 CM,3.0
EOR/00000129/01/2023,SPNU2894681,DOOR HARDWARE - LOCKING BAR BRACKET RESECURE,1.0
EOR/00000129/01/2023,SPNU2894681,FLOORING - PLYWOOD / PLANK RESECURE UP TO 12 SCREW,1.0
EOR/00000129/01/2023,SPNU2894681,FLOORING - PLYWOOD / PLANK SANDING 10%,1.0
EOR/00000129/01/2023,SPNU2894681,PANEL - INSERT / PATCH 30X45 CM,2.0
EOR/00000129/01/2023,SPNU2894681,PANEL - WELD 15 CM,3.0
EOR/00000129/01/2023,SPNU2894681,OTHER MARKING - REMOVE MARKING LABEL,1.0
EOR/00000129/01/2023,SPNU2894681,TOP RAIL - WELD 15 CM,1.0
EOR/00000129/01/2023,SPNU2894681,PANEL - WELD 15 CM,3.0
EOR/00000129/01/2023,SPNU2894681,DOOR HARDWARE - LOCKING BAR CAM STRAIGHTEN,2.0
EOR/00000146/01/2023,SPNU2756825,PANEL - INSERT / PATCH 15X15 CM,1.0
EOR/00000146/01/2023,SPNU2756825,MISCELENEOUS - SECURING DEVICE / OTHER MATERIAL REMOVE,1.0
EOR/00000146/01/2023,SPNU2756825,ISO MARKING - OWNERS CODE REPLACE,2.0
EOR/00000146/01/2023,SPNU2756825,ISO MARKING - SERIAL NUMBER/CD REPLACE PER PIECE,2.0
EOR/00000146/01/2023,SPNU2756825,GASKET - GASKET SEALING 5 CM,1.0
EOR/00000146/01/2023,SPNU2756825,GASKET - GASKET SECTION 30 CM,3.0
EOR/00000146/01/2023,SPNU2756825,HINGE - STRAIGHTEN,6.0
EOR/00000146/01/2023,SPNU2756825,GASKET - GASKET AND STRIP RESECURE 60 CM,2.0
EOR/00000146/01/2023,SPNU2756825,DOOR HARDWARE - LOCKING BAR HANDLE STRAIGHTEN,2.0
EOR/00000146/01/2023,SPNU2756825,DOORS - FRAME HORIZONTAL INSERT 15 CM,1.0
EOR/00000146/01/2023,SPNU2756825,GASKET - GASKET SECTION 90 CM,1.0
EOR/00000146/01/2023,SPNU2756825,REAR CORNER POST - REALIGNMENT,1.0
EOR/00000146/01/2023,SPNU2756825,PANEL - WELD 15 CM,1.0
EOR/00000146/01/2023,SPNU2756825,"CROSS MEMBER - STRAIGHTEN, WELD",2.0
EOR/00000146/01/2023,SPNU2756825,FLOORING - PLYWOOD PATCH BY PLATE 30X30 CM,2.0
EOR/00000146/01/2023,SPNU2756825,MISCELENEOUS - FLOORING SWEEPING 20 FEET,1.0
EOR/00000146/01/2023,SPNU2756825,PANEL - INSERT / PATCH 30X30 CM,1.0
EOR/00000146/01/2023,SPNU2756825,DOOR HARDWARE - LOCKING BAR ROD STRAIGHTEN,2.0
EOR/00000146/01/2023,SPNU2756825,DOOR HARDWARE - LOCKING BAR CAM STRAIGHTEN,4.0
EOR/00000146/01/2023,SPNU2756825,PANEL - STRAIGHTEN 60X90 CM,3.0
EOR/00000146/01/2023,SPNU2756825,PANEL - WELD 15 CM,2.0
EOR/00000147/01/2023,SPNU2859839,DOOR HARDWARE - LOCKING BAR CAM STRAIGHTEN,3.0
EOR/00000147/01/2023,SPNU2859839,DOOR HARDWARE - LOCKING BAR ROD STRAIGHTEN,2.0
EOR/00000147/01/2023,SPNU2859839,GASKET - GASKET SEALING 5 CM,1.0
EOR/00000147/01/2023,SPNU2859839,MISCELENEOUS - SECURING DEVICE / OTHER MATERIAL REMOVE,1.0
EOR/00000147/01/2023,SPNU2859839,HINGE - STRAIGHTEN,4.0
EOR/00000147/01/2023,SPNU2859839,PANEL - STRAIGHTEN 60X90 CM,1.0
EOR/00000147/01/2023,SPNU2859839,PANEL - WELD 15 CM,1.0
EOR/00000147/01/2023,SPNU2859839,GASKET - GASKET SECTION 30 CM,2.0
EOR/00000149/01/2023,SPNU2744125,DOOR HARDWARE - LOCKING BAR CAM STRAIGHTEN,3.0
EOR/00000149/01/2023,SPNU2744125,CROSS MEMBER - STRAIGHTEN,3.0
EOR/00000149/01/2023,SPNU2744125,FORKLIFT POCKET - WEB STRAIGHTEN,1.0
EOR/00000149/01/2023,SPNU2744125,GASKET - GASKET AND STRIP RESECURE 30 CM,2.0
EOR/00000149/01/2023,SPNU2744125,"DOOR SILL - ABRASIVE, PAINT",1.0
EOR/00000149/01/2023,SPNU2744125,GASKET - GASKET SEALING 5 CM,1.0
EOR/00000149/01/2023,SPNU2744125,FLOORING - PLYWOOD SECTION 120X120 CM,1.0
EOR/00000149/01/2023,SPNU2744125,HINGE - STRAIGHTEN,4.0
EOR/00000150/01/2023,SPNU2711008,HINGE - WELD,1.0
EOR/00000150/01/2023,SPNU2711008,ISO MARKING - SERIAL NUMBER/CD REPLACE PER PIECE,1.0
EOR/00000150/01/2023,SPNU2711008,J BAR - INSERT 30 CM,1.0
EOR/00000150/01/2023,SPNU2711008,PANEL - WELD 15 CM,1.0
EOR/00000150/01/2023,SPNU2711008,DOORS - FRAME VERTICAL SECTION 15 CM,1.0
EOR/00000150/01/2023,SPNU2711008,GASKET - GASKET AND STRIP RESECURE 60 CM,1.0
EOR/00000150/01/2023,SPNU2711008,GASKET - GASKET SECTION 30 CM,2.0
EOR/00000150/01/2023,SPNU2711008,GASKET - GASKET SEALING 5 CM,1.0
EOR/00000150/01/2023,SPNU2711008,PANEL - WELD 15 CM,1.0
EOR/00000150/01/2023,SPNU2711008,FLOORING - PLYWOOD SECTION 120X120 CM,1.0
EOR/00000150/01/2023,SPNU2711008,MISCELENEOUS - FLOORING SWEEPING 20 FEET,1.0
EOR/00000150/01/2023,SPNU2711008,DOOR HARDWARE - LOCKING BAR ROD STRAIGHTEN,2.0
EOR/00000150/01/2023,SPNU2711008,DOOR HARDWARE - LOCKING BAR CAM STRAIGHTEN,3.0
EOR/00000151/01/2023,SPNU2917529,GASKET - GASKET SEALING 5 CM,1.0
EOR/00000151/01/2023,SPNU2917529,DOOR HARDWARE - LOCKING BAR ROD STRAIGHTEN,2.0
EOR/00000151/01/2023,SPNU2917529,PANEL - STRAIGHTEN 30X120 CM,1.0
EOR/00000151/01/2023,SPNU2917529,DOOR HARDWARE - LOCKING BAR HANDLE REPLACE,1.0
EOR/00000151/01/2023,SPNU2917529,GASKET - GASKET AND STRIP RESECURE 90 CM,1.0
EOR/00000151/01/2023,SPNU2917529,FLOORING - PLYWOOD SECTION 90X120 CM,1.0
EOR/00000151/01/2023,SPNU2917529,DOOR HARDWARE - LOCKING BAR CAM STRAIGHTEN,1.0
EOR/00000151/01/2023,SPNU2917529,MISCELENEOUS - SECURING DEVICE / OTHER MATERIAL REMOVE,1.0
EOR/00000151/01/2023,SPNU2917529,DOOR HARDWARE - LOCKING BAR HANDLE HUB REPLACE,1.0
EOR/00000152/01/2023,SPNU2714096,GASKET - GASKET SEALING 5 CM,1.0
EOR/00000152/01/2023,SPNU2714096,GASKET - GASKET AND STRIP RESECURE 90 CM,1.0
EOR/00000152/01/2023,SPNU2714096,DOORS - FRAME HORIZONTAL INSERT 15 CM,1.0
EOR/00000152/01/2023,SPNU2714096,GASKET - GASKET SECTION 150 CM,1.0
EOR/00000152/01/2023,SPNU2714096,GASKET - GASKET SECTION 30 CM,1.0
EOR/00000152/01/2023,SPNU2714096,MISCELENEOUS - SECURING DEVICE / OTHER MATERIAL REMOVE,1.0
EOR/00000152/01/2023,SPNU2714096,DOOR HARDWARE - LOCKING BAR CAM STRAIGHTEN,2.0
EOR/00000152/01/2023,SPNU2714096,CROSS MEMBER - STRAIGHTEN,1.0
EOR/00000152/01/2023,SPNU2714096,CROSS MEMBER - INSERT 30 CM,1.0
EOR/00000152/01/2023,SPNU2714096,FLOORING - PLYWOOD SECTION 60X120 CM,2.0
EOR/00000152/01/2023,SPNU2714096,FLOORING - PLYWOOD / PLANK RESECURE UP TO 12 SCREW,1.0
EOR/00000152/01/2023,SPNU2714096,DOOR HARDWARE - LOCKING BAR ROD STRAIGHTEN,2.0
EOR/00000153/01/2023,SPNU2801009,GASKET - GASKET SECTION 30 CM,3.0
EOR/00000153/01/2023,SPNU2801009,DOOR HARDWARE - LOCKING BAR CAM STRAIGHTEN,3.0
EOR/00000153/01/2023,SPNU2801009,DOOR HARDWARE - LOCKING BAR ROD STRAIGHTEN,2.0
EOR/00000153/01/2023,SPNU2801009,GASKET - GASKET SEALING 5 CM,1.0
EOR/00000153/01/2023,SPNU2801009,PANEL - WELD 15 CM,1.0
EOR/00000153/01/2023,SPNU2801009,MISCELENEOUS - SECURING DEVICE / OTHER MATERIAL REMOVE,1.0
EOR/00000153/01/2023,SPNU2801009,PANEL - WELD 15 CM,1.0
EOR/00000153/01/2023,SPNU2801009,PANEL - WELD 15 CM,1.0
EOR/00000153/01/2023,SPNU2801009,PANEL - WELD 15 CM,3.0
EOR/00000154/01/2023,SPNU2693481,DOORS - FRAME VERTICAL SECTION 15 CM,2.0
EOR/00000154/01/2023,SPNU2693481,PANEL - WELD 15 CM,6.0
EOR/00000154/01/2023,SPNU2693481,PANEL - INSERT / PATCH 15X15 CM,1.0
EOR/00000154/01/2023,SPNU2693481,ISO MARKING - SERIAL NUMBER/CD REPLACE PER PIECE,1.0
EOR/00000154/01/2023,SPNU2693481,PANEL - WELD 15 CM,6.0
EOR/00000154/01/2023,SPNU2693481,CROSS MEMBER - REPLACE,2.0
EOR/00000154/01/2023,SPNU2693481,PANEL - WELD 15 CM,5.0
EOR/00000154/01/2023,SPNU2693481,DOOR HARDWARE - LOCKING BAR CAM STRAIGHTEN,2.0
EOR/00000154/01/2023,SPNU2693481,OTHER MARKING - REMOVE MARKING LABEL,1.0
EOR/00000154/01/2023,SPNU2693481,DOOR HARDWARE - HANDLE RETAINER REPLACE,1.0
EOR/00000154/01/2023,SPNU2693481,GASKET - STRIP SECTION 60 CM,1.0
EOR/00000154/01/2023,SPNU2693481,GASKET - GASKET AND STRIP RESECURE 90 CM,2.0
EOR/00000154/01/2023,SPNU2693481,HINGE - STRAIGHTEN,6.0
EOR/00000154/01/2023,SPNU2693481,HINGE - REMOVE / REFIT,1.0
EOR/00000154/01/2023,SPNU2693481,GASKET - GASKET SEALING 120 CM,4.0
EOR/00000154/01/2023,SPNU2693481,ISO MARKING - OWNERS CODE REPLACE,2.0
EOR/00000154/01/2023,SPNU2693481,ISO MARKING - SERIAL NUMBER/CD REPLACE PER PIECE,2.0
EOR/00000156/01/2023,SPNU2758540,GASKET - GASKET AND STRIP RESECURE 30 CM,1.0
EOR/00000156/01/2023,SPNU2758540,DOOR HARDWARE - LOCKING BAR CAM STRAIGHTEN,2.0
EOR/00000156/01/2023,SPNU2758540,FLOORING - PLYWOOD / PLANK SANDING 5%,1.0
EOR/00000156/01/2023,SPNU2758540,FLOORING - PLYWOOD / PLANK SANDING 5%,1.0
EOR/00000156/01/2023,SPNU2758540,GASKET - GASKET SECTION 30 CM,3.0
EOR/00000156/01/2023,SPNU2758540,DOOR HARDWARE - LOCKING BAR ROD STRAIGHTEN,2.0
EOR/00000156/01/2023,SPNU2758540,MISCELENEOUS - SECURING DEVICE / OTHER MATERIAL REMOVE,1.0
EOR/00000156/01/2023,SPNU2758540,PANEL - WELD 15 CM,1.0
EOR/00000156/01/2023,SPNU2758540,GASKET - GASKET SEALING 5 CM,1.0
EOR/00000157/01/2023,SPNU2713778,GASKET - GASKET AND STRIP RESECURE 60 CM,1.0
EOR/00000157/01/2023,SPNU2713778,GASKET - GASKET AND STRIP RESECURE 30 CM,1.0
EOR/00000157/01/2023,SPNU2713778,GASKET - GASKET SECTION 30 CM,2.0
EOR/00000157/01/2023,SPNU2713778,DOOR HARDWARE - LOCKING BAR ROD STRAIGHTEN,2.0
EOR/00000157/01/2023,SPNU2713778,PANEL - WELD 15 CM,1.0
EOR/00000157/01/2023,SPNU2713778,MISCELENEOUS - FLOORING SWEEPING 20 FEET,1.0
EOR/00000157/01/2023,SPNU2713778,DOOR SILL - STRAIGHTEN 60 CM,1.0
EOR/00000157/01/2023,SPNU2713778,DOOR HARDWARE - LOCKING BAR CAM STRAIGHTEN,3.0
EOR/00000157/01/2023,SPNU2713778,GASKET - GASKET SEALING 5 CM,1.0
EOR/00000157/01/2023,SPNU2713778,PANEL - INSERT / PATCH 30X30 CM,2.0
EOR/00000158/01/2023,SPNU2815039,FLOORING - PLYWOOD SECTION 120X120 CM,1.0
EOR/00000158/01/2023,SPNU2815039,MISCELENEOUS - FLOORING SWEEPING 20 FEET,1.0
EOR/00000158/01/2023,SPNU2815039,CROSS MEMBER - WELD,1.0
EOR/00000158/01/2023,SPNU2815039,DOORS - FRAME STRAIGHTEN 30 CM,1.0
EOR/00000158/01/2023,SPNU2815039,GASKET - GASKET SECTION 30 CM,2.0
EOR/00000158/01/2023,SPNU2815039,DOOR HARDWARE - LOCKING BAR ROD STRAIGHTEN,2.0
EOR/00000158/01/2023,SPNU2815039,DOOR HARDWARE - LOCKING BAR CAM STRAIGHTEN,2.0
EOR/00000158/01/2023,SPNU2815039,GASKET - GASKET SEALING 5 CM,1.0
EOR/00000158/01/2023,SPNU2815039,FLOORING - PLYWOOD SECTION 90X120 CM,1.0
EOR/00000158/01/2023,SPNU2815039,MISCELENEOUS - SECURING DEVICE / OTHER MATERIAL REMOVE,1.0
EOR/00000158/01/2023,SPNU2815039,ISO MARKING - OWNERS CODE REPLACE,2.0
EOR/00000158/01/2023,SPNU2815039,ISO MARKING - SERIAL NUMBER/CD REPLACE PER PIECE,2.0
EOR/00000158/01/2023,SPNU2815039,PANEL - WELD 15 CM,5.0
EOR/00000159/01/2023,SPNU2735057,PANEL - STRAIGHTEN 30X30 CM,1.0
EOR/00000159/01/2023,SPNU2735057,DOORS - FRAME STRAIGHTEN 60 CM,1.0
EOR/00000159/01/2023,SPNU2735057,GASKET - GASKET SEALING 5 CM,1.0
EOR/00000159/01/2023,SPNU2735057,CROSS MEMBER - STRAIGHTEN,3.0
EOR/00000159/01/2023,SPNU2735057,DOOR HARDWARE - LOCKING BAR HANDLE STRAIGHTEN,1.0
EOR/00000159/01/2023,SPNU2735057,MISCELENEOUS - SECURING DEVICE / OTHER MATERIAL REMOVE,1.0
EOR/00000159/01/2023,SPNU2735057,FLOORING - PLYWOOD PATCH BY PLATE 30X30 CM,1.0
EOR/00000159/01/2023,SPNU2735057,FLOORING - PLYWOOD REPLACE 120X240 CM,1.0
EOR/00000159/01/2023,SPNU2735057,FLOORING - PLYWOOD SECTION 120X120 CM,1.0
EOR/00000159/01/2023,SPNU2735057,FLOORING - PLYWOOD / PLANK RESECURE UP TO 12 SCREW,2.0
EOR/00000159/01/2023,SPNU2735057,CROSS MEMBER - STRAIGHTEN,1.0
EOR/00000159/01/2023,SPNU2735057,CROSS MEMBER - REPLACE,1.0
EOR/00000159/01/2023,SPNU2735057,DOOR SILL - INSERT 90 CM,1.0
EOR/00000159/01/2023,SPNU2735057,GASKET - GASKET SECTION 90 CM,1.0
EOR/00000159/01/2023,SPNU2735057,GASKET - GASKET SECTION 60 CM,1.0
EOR/00000159/01/2023,SPNU2735057,GASKET - GASKET SEALING 5 CM,1.0
EOR/00000159/01/2023,SPNU2735057,DOOR HARDWARE - LOCKING BAR GUIDE STRAIGHTEN,1.0
EOR/00000160/01/2023,SPNU2715045,GASKET - GASKET SEALING 5 CM,1.0
EOR/00000160/01/2023,SPNU2715045,GASKET - STRIP REPLACE 120 CM,1.0
EOR/00000160/01/2023,SPNU2715045,GASKET - GASKET SECTION 120 CM,1.0
EOR/00000160/01/2023,SPNU2715045,GASKET - GASKET SECTION 30 CM,3.0
EOR/00000160/01/2023,SPNU2715045,HINGE - STRAIGHTEN,6.0
EOR/00000160/01/2023,SPNU2715045,CROSS MEMBER - STRAIGHTEN,3.0
EOR/00000160/01/2023,SPNU2715045,DOOR HARDWARE - LOCKING BAR CAM STRAIGHTEN,4.0
EOR/00000160/01/2023,SPNU2715045,DOOR HARDWARE - LOCKING BAR ROD STRAIGHTEN,2.0
EOR/00000160/01/2023,SPNU2715045,PANEL - WELD 15 CM,1.0
EOR/00000162/01/2023,SPNU2847587,PANEL - WELD 15 CM,1.0
EOR/00000162/01/2023,SPNU2847587,DOOR HARDWARE - LOCKING BAR ROD STRAIGHTEN,2.0
EOR/00000162/01/2023,SPNU2847587,DOOR HARDWARE - LOCKING BAR CAM STRAIGHTEN,4.0
EOR/00000162/01/2023,SPNU2847587,MISCELENEOUS - SECURING DEVICE / OTHER MATERIAL REMOVE,1.0
EOR/00000162/01/2023,SPNU2847587,GASKET - GASKET SEALING 5 CM,1.0
EOR/00000162/01/2023,SPNU2847587,ISO MARKING - SERIAL NUMBER/CD REPLACE PER PIECE,1.0
EOR/00000162/01/2023,SPNU2847587,GASKET - GASKET SECTION 45 CM,2.0
EOR/00000162/01/2023,SPNU2847587,GASKET - STRIP REPLACE 120 CM,1.0
EOR/00000162/01/2023,SPNU2847587,PANEL - STRAIGHTEN 60X60 CM,1.0
EOR/00000166/01/2023,SPNU2822038,DOOR HARDWARE - LOCKING BAR CAM STRAIGHTEN,3.0
EOR/00000166/01/2023,SPNU2822038,DOOR HARDWARE - LOCKING BAR ROD STRAIGHTEN,2.0
EOR/00000166/01/2023,SPNU2822038,GASKET - GASKET SEALING 5 CM,1.0
EOR/00000166/01/2023,SPNU2822038,MISCELENEOUS - SECURING DEVICE / OTHER MATERIAL REMOVE,1.0
EOR/00000166/01/2023,SPNU2822038,TOP RAIL - WELD 15 CM,1.0
EOR/00000166/01/2023,SPNU2822038,PANEL - WELD 15 CM,2.0
EOR/00000166/01/2023,SPNU2822038,PANEL - STRAIGHTEN 60X90 CM,1.0
EOR/00000166/01/2023,SPNU2822038,GASKET - GASKET SECTION 30 CM,2.0
EOR/00000167/01/2023,SPNU2983840,OTHER MARKING - REMOVE CARGO LASHING ( SEMEN/KAYU/ETC),1.0
EOR/00000167/01/2023,SPNU2983840,VENTILATOR - SEALING,1.0
EOR/00000167/01/2023,SPNU2983840,DOOR HARDWARE - LOCKING BAR CAM STRAIGHTEN,2.0
EOR/00000169/01/2023,SPNU2779646,PANEL - WELD 15 CM,1.0
EOR/00000169/01/2023,SPNU2779646,PANEL - INSERT / PATCH 30X45 CM,1.0
EOR/00000169/01/2023,SPNU2779646,MISCELENEOUS - SECURING DEVICE / OTHER MATERIAL REMOVE,1.0
EOR/00000169/01/2023,SPNU2779646,GASKET - GASKET SECTION 30 CM,2.0
EOR/00000169/01/2023,SPNU2779646,DOOR HARDWARE - LOCKING BAR CAM STRAIGHTEN,3.0
EOR/00000169/01/2023,SPNU2779646,GASKET - GASKET SEALING 5 CM,1.0
EOR/00000169/01/2023,SPNU2779646,DOOR HARDWARE - LOCKING BAR ROD STRAIGHTEN,2.0
EOR/00000169/01/2023,SPNU2779646,PANEL - WELD 15 CM,4.0
EOR/00000170/01/2023,SPNU2806382,FORKLIFT POCKET - WEB STRAIGHTEN,1.0
EOR/00000170/01/2023,SPNU2806382,FLOORING - PLYWOOD SECTION 60X120 CM,2.0
EOR/00000170/01/2023,SPNU2806382,FLOORING - PLYWOOD / PLANK RESECURE UP TO 6 SCREW,1.0
EOR/00000170/01/2023,SPNU2806382,GASKET - GASKET SECTION 30 CM,4.0
EOR/00000170/01/2023,SPNU2806382,ISO MARKING - OWNERS CODE REPLACE,2.0
EOR/00000170/01/2023,SPNU2806382,CROSS MEMBER - STRAIGHTEN,2.0
EOR/00000170/01/2023,SPNU2806382,CROSS MEMBER - INSERT 30 CM,2.0
EOR/00000170/01/2023,SPNU2806382,PANEL - WELD 15 CM,1.0
EOR/00000170/01/2023,SPNU2806382,ISO MARKING - SERIAL NUMBER/CD REPLACE PER PIECE,2.0
EOR/00000170/01/2023,SPNU2806382,ISO MARKING - SERIAL NUMBER/CD REPLACE PER PIECE,1.0
EOR/00000170/01/2023,SPNU2806382,GASKET - GASKET SEALING 5 CM,1.0
EOR/00000170/01/2023,SPNU2806382,ISO MARKING - SERIAL NUMBER/CD REPLACE PER PIECE,1.0
EOR/00000172/01/2023,SPNU2920667,DOOR HARDWARE - LOCKING BAR CAM STRAIGHTEN,3.0
EOR/00000172/01/2023,SPNU2920667,DOOR HARDWARE - HANDLE RETAINER STRAIGHTEN,2.0
EOR/00000172/01/2023,SPNU2920667,HINGE - STRAIGHTEN,4.0
EOR/00000172/01/2023,SPNU2920667,DOOR SILL - STRAIGHTEN 60 CM,1.0
EOR/00000172/01/2023,SPNU2920667,MISCELENEOUS - SECURING DEVICE / OTHER MATERIAL REMOVE,1.0
EOR/00000172/01/2023,SPNU2920667,PANEL - STRAIGHTEN 90X90 CM,2.0
EOR/00000172/01/2023,SPNU2920667,"CROSS MEMBER - STRAIGHTEN, WELD",2.0
EOR/00000172/01/2023,SPNU2920667,MISCELENEOUS - FLOORING SWEEPING 20 FEET,1.0
EOR/00000172/01/2023,SPNU2920667,DOOR HARDWARE - LOCKING BAR ROD STRAIGHTEN,3.0
EOR/00000173/01/2023,SPNU4608344,DOOR HARDWARE - LOCKING BAR ROD STRAIGHTEN,2.0
EOR/00000173/01/2023,SPNU4608344,GASKET - GASKET SEALING 15 CM,1.0
EOR/00000173/01/2023,SPNU4608344,GASKET - STRIP REPLACE 120 CM,2.0
EOR/00000173/01/2023,SPNU4608344,FLOORING - PLYWOOD PATCH BY PLATE 30X30 CM,1.0
EOR/00000173/01/2023,SPNU4608344,PANEL - WELD 15 CM,1.0
EOR/00000173/01/2023,SPNU4608344,GASKET - GASKET SECTION 30 CM,1.0
EOR/00000173/01/2023,SPNU4608344,DOORS - FRAME HORIZONTAL INSERT 15 CM,1.0
EOR/00000173/01/2023,SPNU4608344,DOOR HARDWARE - LOCKING BAR CAM STRAIGHTEN,2.0
EOR/00000174/01/2023,SPNU2963210,CROSS MEMBER - STRAIGHTEN,2.0
EOR/00000174/01/2023,SPNU2963210,DOOR HARDWARE - LOCKING BAR ROD STRAIGHTEN,1.0
EOR/00000174/01/2023,SPNU2963210,DOOR HARDWARE - LOCKING BAR KEEPER WELD,1.0
EOR/00000174/01/2023,SPNU2963210,MISCELENEOUS - SECURING DEVICE / OTHER MATERIAL REMOVE,1.0
EOR/00000174/01/2023,SPNU2963210,MISCELENEOUS - FLOORING SWEEPING 20 FEET,1.0
EOR/00000174/01/2023,SPNU2963210,DOOR HARDWARE - LOCKING BAR KEEPER STRAIGHTEN,1.0
EOR/00000175/01/2023,SPNU3089922,DOOR HARDWARE - LOCKING BAR CAM STRAIGHTEN,2.0
EOR/00000175/01/2023,SPNU3089922,DOOR SILL - STRAIGHTEN 90 CM,1.0
EOR/00000175/01/2023,SPNU3089922,MISCELENEOUS - SECURING DEVICE / OTHER MATERIAL REMOVE,1.0
EOR/00000175/01/2023,SPNU3089922,TOP RAIL - INSERT 30 CM,1.0
EOR/00000175/01/2023,SPNU3089922,PANEL - WELD 15 CM,1.0
EOR/00000176/01/2023,SPNU2667543,OTHER MARKING - REMOVE MARKING LABEL,1.0
EOR/00000176/01/2023,SPNU2667543,DOOR HARDWARE - LOCKING BAR CAM STRAIGHTEN,3.0
EOR/00000176/01/2023,SPNU2667543,GASKET - GASKET SEALING 5 CM,6.0
EOR/00000176/01/2023,SPNU2667543,DOOR HARDWARE - LOCKING BAR ROD STRAIGHTEN,2.0
EOR/00000176/01/2023,SPNU2667543,PANEL - WELD 15 CM,3.0
EOR/00000176/01/2023,SPNU2667543,FLOORING - PLYWOOD PATCH BY PLATE 30X30 CM,1.0
EOR/00000176/01/2023,SPNU2667543,FLOORING - HAT SECTION SECTION 30 CM,1.0
EOR/00000176/01/2023,SPNU2667543,MISCELENEOUS - FLOORING SWEEPING 20 FEET,1.0
EOR/00000176/01/2023,SPNU2667543,CROSS MEMBER - STRAIGHTEN,5.0
EOR/00000176/01/2023,SPNU2667543,FORKLIFT POCKET - WEB REPLACE,1.0
EOR/00000176/01/2023,SPNU2667543,FLOORING - PLYWOOD / PLANK RESECURE UP TO 12 SCREW,2.0
EOR/00000177/01/2023,SPNU2668196,DOOR HEADER - WELD 15 CM,2.0
EOR/00000177/01/2023,SPNU2668196,GASKET - GASKET REPLACE 240 CM,1.0
EOR/00000177/01/2023,SPNU2668196,BOTTOM RAIL - INSERT 30 CM,1.0
EOR/00000177/01/2023,SPNU2668196,GASKET - GASKET SEALING 120 CM,2.0
EOR/00000177/01/2023,SPNU2668196,FLOORING - PLYWOOD / PLANK RESECURE UP TO 12 SCREW,2.0
EOR/00000177/01/2023,SPNU2668196,ISO MARKING - SERIAL NUMBER/CD REPLACE PER PIECE,2.0
EOR/00000177/01/2023,SPNU2668196,ISO MARKING - OWNERS CODE REPLACE,2.0
EOR/00000177/01/2023,SPNU2668196,PANEL - WELD 15 CM,5.0
EOR/00000177/01/2023,SPNU2668196,CROSS MEMBER - STRAIGHTEN,2.0
EOR/00000177/01/2023,SPNU2668196,PANEL - INSERT / PATCH 30X75 CM,1.0
EOR/00000177/01/2023,SPNU2668196,PANEL - WELD 15 CM,6.0
EOR/00000177/01/2023,SPNU2668196,DOOR HARDWARE - LOCKING BAR CAM STRAIGHTEN,4.0
EOR/00000177/01/2023,SPNU2668196,GASKET - GASKET AND STRIP RESECURE 60 CM,1.0
EOR/00000177/01/2023,SPNU2668196,PANEL - INSERT / PATCH 15X30 CM,1.0
EOR/00000177/01/2023,SPNU2668196,PANEL - INSERT / PATCH 15X90 CM,1.0
EOR/00000177/01/2023,SPNU2668196,PANEL - WELD 15 CM,6.0
EOR/00000177/01/2023,SPNU2668196,MISCELENEOUS - SECURING DEVICE / OTHER MATERIAL REMOVE,1.0
EOR/00000177/01/2023,SPNU2668196,HINGE - STRAIGHTEN,4.0
EOR/00000177/01/2023,SPNU2668196,GASKET - GASKET SECTION 90 CM,3.0
EOR/00000177/01/2023,SPNU2668196,CROSS MEMBER - INSERT 60 CM,1.0
EOR/00000185/01/2023,SPNU2823287,MISCELENEOUS - SECURING DEVICE / OTHER MATERIAL REMOVE,1.0
EOR/00000185/01/2023,SPNU2823287,GASKET - GASKET SEALING 5 CM,1.0
EOR/00000185/01/2023,SPNU2823287,DOOR HARDWARE - LOCKING BAR CAM STRAIGHTEN,2.0
EOR/00000185/01/2023,SPNU2823287,DOOR HARDWARE - LOCKING BAR KEEPER STRAIGHTEN,1.0
EOR/00000185/01/2023,SPNU2823287,ISO MARKING - SERIAL NUMBER/CD REPLACE PER PIECE,1.0
EOR/00000185/01/2023,SPNU2823287,FLOORING - PLYWOOD SECTION 120X180CM,3.0
EOR/00000185/01/2023,SPNU2823287,FLOORING - PLYWOOD SECTION 90X120 CM,1.0
EOR/00000185/01/2023,SPNU2823287,MISCELENEOUS - FLOORING SWEEPING 20 FEET,1.0
EOR/00000185/01/2023,SPNU2823287,CROSS MEMBER - INSERT 30 CM,1.0
EOR/00000185/01/2023,SPNU2823287,"PANEL - STRAIGHTEN, WELD 15 CM",2.0
EOR/00000185/01/2023,SPNU2823287,CROSS MEMBER - STRAIGHTEN,1.0
EOR/00000188/01/2023,SPNU2699031,PANEL - STRAIGHTEN 30X60 CM,1.0
EOR/00000188/01/2023,SPNU2699031,CROSS MEMBER - REPLACE,1.0
EOR/00000188/01/2023,SPNU2699031,GASKET - GASKET SECTION 30 CM,1.0
EOR/00000188/01/2023,SPNU2699031,GASKET - GASKET SEALING 5 CM,5.0
EOR/00000188/01/2023,SPNU2699031,GASKET - GASKET SECTION 120 CM,1.0
EOR/00000188/01/2023,SPNU2699031,DOOR HARDWARE - HANDLE CATCH REPLACE,1.0
EOR/00000188/01/2023,SPNU2699031,PANEL - WELD 15 CM,4.0
EOR/00000188/01/2023,SPNU2699031,VENTILATOR - PLASTIC SMALL REPLACE,1.0
EOR/00000188/01/2023,SPNU2699031,MISCELENEOUS - SECURING DEVICE / OTHER MATERIAL REMOVE,1.0
EOR/00000188/01/2023,SPNU2699031,GASKET - GASKET SECTION 30 CM,1.0
EOR/00000188/01/2023,SPNU2699031,DOOR HARDWARE - LOCKING BAR GUIDE STRAIGHTEN,3.0
EOR/00000190/01/2023,SPNU2685969,DOOR HARDWARE - LOCKING BAR CAM STRAIGHTEN,4.0
EOR/00000190/01/2023,SPNU2685969,PANEL - WELD 15 CM,3.0
EOR/00000190/01/2023,SPNU2685969,PANEL - WELD 15 CM,2.0
EOR/00000190/01/2023,SPNU2685969,ISO MARKING - OWNERS CODE REPLACE,1.0
EOR/00000190/01/2023,SPNU2685969,ISO MARKING - SERIAL NUMBER/CD REPLACE PER PIECE,1.0
EOR/00000190/01/2023,SPNU2685969,FLOORING - PLYWOOD SECTION 120X150 CM,1.0
EOR/00000190/01/2023,SPNU2685969,FORKLIFT POCKET - WEB REPLACE,1.0
EOR/00000190/01/2023,SPNU2685969,CROSS MEMBER - STRAIGHTEN,5.0
EOR/00000190/01/2023,SPNU2685969,DOOR HARDWARE - LOCKING BAR ROD STRAIGHTEN,4.0
EOR/00000190/01/2023,SPNU2685969,DOOR HARDWARE - HANDLE CATCH STRAIGHTEN,2.0
EOR/00000190/01/2023,SPNU2685969,OTHER MARKING - REMOVE MARKING LABEL,1.0
EOR/00000190/01/2023,SPNU2685969,DOOR SILL - STRAIGHTEN 90 CM,1.0
EOR/00000190/01/2023,SPNU2685969,GASKET - GASKET SEALING 5 CM,6.0
EOR/00000190/01/2023,SPNU2685969,HINGE - STRAIGHTEN,5.0
EOR/00000190/01/2023,SPNU2685969,DOOR HARDWARE - LOCKING BAR KEEPER STRAIGHTEN,1.0
EOR/00000191/01/2023,SPNU2815065,GASKET - GASKET SECTION 30 CM,2.0
EOR/00000191/01/2023,SPNU2815065,DOOR HARDWARE - LOCKING BAR KEEPER WELD,1.0
EOR/00000191/01/2023,SPNU2815065,HINGE - STRAIGHTEN,4.0
EOR/00000191/01/2023,SPNU2815065,DOOR HARDWARE - HANDLE RETAINER REPLACE,1.0
EOR/00000191/01/2023,SPNU2815065,FLOORING - PLYWOOD / PLANK RESECURE UP TO 12 SCREW,1.0
EOR/00000191/01/2023,SPNU2815065,FORKLIFT POCKET - WEB STRAIGHTEN,1.0
EOR/00000191/01/2023,SPNU2815065,MISCELENEOUS - SECURING DEVICE / OTHER MATERIAL REMOVE,1.0
EOR/00000191/01/2023,SPNU2815065,PANEL - WELD 15 CM,1.0
EOR/00000191/01/2023,SPNU2815065,PANEL - INSERT / PATCH 15X15 CM,1.0
EOR/00000191/01/2023,SPNU2815065,GASKET - GASKET SEALING 5 CM,1.0
EOR/00000191/01/2023,SPNU2815065,DOOR HARDWARE - LOCKING BAR CAM STRAIGHTEN,3.0
EOR/00000191/01/2023,SPNU2815065,DOOR HARDWARE - LOCKING BAR ROD STRAIGHTEN,2.0
EOR/00000191/01/2023,SPNU2815065,PANEL - WELD 15 CM,1.0
EOR/00000191/01/2023,SPNU2815065,CROSS MEMBER - INSERT 30 CM,1.0
EOR/00000191/01/2023,SPNU2815065,CROSS MEMBER - STRAIGHTEN,2.0
EOR/00000193/01/2023,SPNU2711055,OTHER MARKING - OWNER DOOR LOGO,1.0
EOR/00000193/01/2023,SPNU2711055,GASKET - GASKET SECTION 30 CM,1.0
EOR/00000193/01/2023,SPNU2711055,GASKET - GASKET SEALING 5 CM,1.0
EOR/00000193/01/2023,SPNU2711055,DOOR HARDWARE - LOCKING BAR CAM STRAIGHTEN,2.0
EOR/00000193/01/2023,SPNU2711055,GASKET - GASKET AND STRIP RESECURE 120 CM,1.0
EOR/00000193/01/2023,SPNU2711055,ISO MARKING - SERIAL NUMBER/CD REPLACE PER PIECE,1.0
EOR/00000193/01/2023,SPNU2711055,PANEL - INSERT / PATCH 15X60 CM,1.0
EOR/00000193/01/2023,SPNU2711055,PANEL - WELD 15 CM,1.0
EOR/00000193/01/2023,SPNU2711055,FLOORING - PLYWOOD SECTION 90X120 CM,2.0
EOR/00000193/01/2023,SPNU2711055,MISCELENEOUS - SECURING DEVICE / OTHER MATERIAL REMOVE,1.0
EOR/00000194/01/2023,SPNU2877410,DOOR HARDWARE - LOCKING BAR CAM STRAIGHTEN,2.0
EOR/00000194/01/2023,SPNU2877410,DOOR HARDWARE - LOCKING BAR ROD STRAIGHTEN,2.0
EOR/00000194/01/2023,SPNU2877410,MISCELENEOUS - SECURING DEVICE / OTHER MATERIAL REMOVE,1.0
EOR/00000194/01/2023,SPNU2877410,FLOORING - PLYWOOD / PLANK RESECURE UP TO 6 SCREW,1.0
EOR/00000194/01/2023,SPNU2877410,CROSS MEMBER - WELD,3.0
EOR/00000194/01/2023,SPNU2877410,GASKET - GASKET SECTION 30 CM,2.0
EOR/00000194/01/2023,SPNU2877410,GASKET - GASKET SEALING 5 CM,1.0
EOR/00000195/01/2023,SPNU4603661,DOOR HARDWARE - LOCKING BAR HANDLE STRAIGHTEN,2.0
EOR/00000195/01/2023,SPNU4603661,GASKET - GASKET SECTION 30 CM,2.0
EOR/00000195/01/2023,SPNU4603661,PANEL - INSERT / PATCH 30X30 CM,1.0
EOR/00000195/01/2023,SPNU4603661,PANEL - STRAIGHTEN 60X90 CM,1.0
EOR/00000195/01/2023,SPNU4603661,PANEL - WELD 15 CM,1.0
EOR/00000195/01/2023,SPNU4603661,BOTTOM RAIL - INSERT 60 CM,1.0
EOR/00000195/01/2023,SPNU4603661,"PANEL - STRAIGHTEN, WELD 15 CM",1.0
EOR/00000195/01/2023,SPNU4603661,GASKET - GASKET SEALING 15 CM,1.0
EOR/00000195/01/2023,SPNU4603661,GASKET - GASKET SECTION 120 CM,2.0
EOR/00000195/01/2023,SPNU4603661,PANEL - WELD 15 CM,3.0
EOR/00000195/01/2023,SPNU4603661,DOOR SILL - STRAIGHTEN 60 CM,1.0
EOR/00000195/01/2023,SPNU4603661,DOOR SILL - STRAIGHTEN 90 CM,1.0
EOR/00000195/01/2023,SPNU4603661,FLOORING - PLYWOOD / PLANK SANDING 10%,1.0
EOR/00000195/01/2023,SPNU4603661,DOOR HARDWARE - LOCKING BAR ROD STRAIGHTEN,2.0
EOR/00000195/01/2023,SPNU4603661,DOOR HARDWARE - LOCKING BAR CAM STRAIGHTEN,2.0
EOR/00000195/01/2023,SPNU4603661,CROSS MEMBER - INSERT 60 CM,1.0
EOR/00000196/01/2023,SPNU2752579,DOOR HARDWARE - LOCKING BAR ROD STRAIGHTEN,2.0
EOR/00000196/01/2023,SPNU2752579,MISCELENEOUS - SECURING DEVICE / OTHER MATERIAL REMOVE,1.0
EOR/00000196/01/2023,SPNU2752579,GASKET - GASKET SEALING 5 CM,1.0
EOR/00000196/01/2023,SPNU2752579,GASKET - GASKET SECTION 30 CM,3.0
EOR/00000196/01/2023,SPNU2752579,DOOR HARDWARE - LOCKING BAR CAM STRAIGHTEN,3.0
EOR/00000196/01/2023,SPNU2752579,PANEL - WELD 15 CM,1.0
EOR/00000196/01/2023,SPNU2752579,PANEL - STRAIGHTEN 30X60 CM,1.0
EOR/00000196/01/2023,SPNU2752579,PANEL - WELD 15 CM,1.0
EOR/00000196/01/2023,SPNU2752579,PANEL - INSERT / PATCH 30X30 CM,1.0
EOR/00000196/01/2023,SPNU2752579,HINGE - STRAIGHTEN,4.0
EOR/00000204/01/2023,SPNU2880219,DOOR HARDWARE - LOCKING BAR ROD STRAIGHTEN,2.0
EOR/00000204/01/2023,SPNU2880219,DOOR HARDWARE - LOCKING BAR CAM STRAIGHTEN,1.0
EOR/00000204/01/2023,SPNU2880219,GASKET - GASKET SEALING 5 CM,1.0
EOR/00000204/01/2023,SPNU2880219,GASKET - GASKET SECTION 60 CM,1.0
EOR/00000204/01/2023,SPNU2880219,MISCELENEOUS - SECURING DEVICE / OTHER MATERIAL REMOVE,1.0
EOR/00000204/01/2023,SPNU2880219,CROSS MEMBER - STRAIGHTEN,1.0
EOR/00000204/01/2023,SPNU2880219,FORKLIFT POCKET - WEB STRAIGHTEN,1.0
EOR/00000204/01/2023,SPNU2880219,"TOP RAIL - STRAIGHTEN, WELD 15 CM",1.0
EOR/00000204/01/2023,SPNU2880219,FLOORING - PLYWOOD / PLANK RESECURE UP TO 12 SCREW,1.0
EOR/00000204/01/2023,SPNU2880219,GASKET - GASKET SECTION 30 CM,1.0
EOR/00000205/01/2023,SPNU2729542,DOOR HARDWARE - LOCKING BAR CAM STRAIGHTEN,3.0
EOR/00000205/01/2023,SPNU2729542,DOOR HARDWARE - LOCKING BAR ROD STRAIGHTEN,2.0
EOR/00000205/01/2023,SPNU2729542,GASKET - GASKET SECTION 30 CM,2.0
EOR/00000205/01/2023,SPNU2729542,GASKET - GASKET SEALING 5 CM,1.0
EOR/00000205/01/2023,SPNU2729542,PANEL - WELD 15 CM,2.0
EOR/00000205/01/2023,SPNU2729542,PANEL - WELD 15 CM,1.0
EOR/00000205/01/2023,SPNU2729542,FLOORING - PLYWOOD / PLANK RESECURE UP TO 12 SCREW,1.0
EOR/00000205/01/2023,SPNU2729542,PANEL - INSERT / PATCH 15X30 CM,1.0
EOR/00000205/01/2023,SPNU2729542,FLOORING - PLYWOOD PATCH BY PLATE 30X30 CM,1.0
EOR/00000205/01/2023,SPNU2729542,MISCELENEOUS - SECURING DEVICE / OTHER MATERIAL REMOVE,1.0
EOR/00000205/01/2023,SPNU2729542,PANEL - INSERT / PATCH 15X30 CM,1.0
EOR/00000205/01/2023,SPNU2729542,PANEL - INSERT / PATCH 15X15 CM,1.0
EOR/00000205/01/2023,SPNU2729542,FLOORING - PLYWOOD SECTION 90X120 CM,1.0
EOR/00000205/01/2023,SPNU2729542,PANEL - WELD 15 CM,3.0
EOR/00000212/01/2023,SPNU2900151,PANEL - WELD 15 CM,2.0
EOR/00000212/01/2023,SPNU2900151,PANEL - STRAIGHTEN 30X60 CM,1.0
EOR/00000212/01/2023,SPNU2900151,DOOR HARDWARE - HANDLE CATCH STRAIGHTEN,2.0
EOR/00000212/01/2023,SPNU2900151,GASKET - GASKET SEALING 5 CM,1.0
EOR/00000212/01/2023,SPNU2900151,GASKET - GASKET SECTION 120 CM,1.0
EOR/00000212/01/2023,SPNU2900151,MISCELENEOUS - FLOORING SWEEPING 20 FEET,1.0
EOR/00000212/01/2023,SPNU2900151,MISCELENEOUS - SECURING DEVICE / OTHER MATERIAL REMOVE,1.0
EOR/00000212/01/2023,SPNU2900151,DOOR HARDWARE - LOCKING BAR ROD STRAIGHTEN,2.0
EOR/00000212/01/2023,SPNU2900151,GASKET - GASKET SECTION 30 CM,2.0
EOR/00000213/01/2023,SPNU2772404,GASKET - GASKET SEALING 5 CM,1.0
EOR/00000213/01/2023,SPNU2772404,GASKET - GASKET SECTION 120 CM,1.0
EOR/00000213/01/2023,SPNU2772404,DOOR HARDWARE - LOCKING BAR HANDLE HUB STRAIGHTEN,1.0
EOR/00000213/01/2023,SPNU2772404,HINGE - STRAIGHTEN,6.0
EOR/00000213/01/2023,SPNU2772404,DOOR HARDWARE - LOCKING BAR CAM STRAIGHTEN,4.0
EOR/00000213/01/2023,SPNU2772404,GASKET - GASKET SECTION 30 CM,3.0
EOR/00000213/01/2023,SPNU2772404,"CROSS MEMBER - STRAIGHTEN, WELD 15 CM",1.0
EOR/00000213/01/2023,SPNU2772404,DOOR HARDWARE - LOCKING BAR ROD STRAIGHTEN,3.0
EOR/00000213/01/2023,SPNU2772404,MISCELENEOUS - SECURING DEVICE / OTHER MATERIAL REMOVE,1.0
EOR/00000213/01/2023,SPNU2772404,PANEL - INSERT / PATCH 15X30 CM,1.0
EOR/00000213/01/2023,SPNU2772404,FLOORING - PLYWOOD / PLANK RESECURE UP TO 12 SCREW,1.0
EOR/00000213/01/2023,SPNU2772404,CROSS MEMBER - STRAIGHTEN,3.0
EOR/00000213/01/2023,SPNU2772404,DOOR HARDWARE - HANDLE CATCH STRAIGHTEN,2.0
EOR/00000214/01/2023,SPNU2976630,BOTTOM RAIL - STRAIGHTEN 30 CM,1.0
EOR/00000214/01/2023,SPNU2976630,PANEL - WELD 15 CM,1.0
EOR/00000214/01/2023,SPNU2976630,GASKET - GASKET SECTION 30 CM,1.0
EOR/00000214/01/2023,SPNU2976630,"PANEL - STRAIGHTEN, WELD 15 CM",1.0
EOR/00000214/01/2023,SPNU2976630,DOOR HARDWARE - LOCKING BAR ROD STRAIGHTEN,1.0
EOR/00000214/01/2023,SPNU2976630,GASKET - GASKET SEALING 5 CM,1.0
EOR/00000214/01/2023,SPNU2976630,MISCELENEOUS - SECURING DEVICE / OTHER MATERIAL REMOVE,1.0
EOR/00000214/01/2023,SPNU2976630,ISO MARKING - SERIAL NUMBER/CD REPLACE PER PIECE,1.0
EOR/00000215/01/2023,SPNU2722276,DOOR HARDWARE - LOCKING BAR ROD STRAIGHTEN,2.0
EOR/00000215/01/2023,SPNU2722276,CROSS MEMBER - INSERT 30 CM,1.0
EOR/00000215/01/2023,SPNU2722276,CROSS MEMBER - INSERT 60 CM,1.0
EOR/00000215/01/2023,SPNU2722276,CROSS MEMBER - WELD,1.0
EOR/00000215/01/2023,SPNU2722276,FLOORING - PLYWOOD SECTION 60X120 CM,2.0
EOR/00000215/01/2023,SPNU2722276,ISO MARKING - OWNERS CODE REPLACE,2.0
EOR/00000215/01/2023,SPNU2722276,ISO MARKING - SERIAL NUMBER/CD REPLACE PER PIECE,2.0
EOR/00000215/01/2023,SPNU2722276,PANEL - STRAIGHTEN 60X60 CM,2.0
EOR/00000215/01/2023,SPNU2722276,PANEL - WELD 15 CM,3.0
EOR/00000215/01/2023,SPNU2722276,MISCELENEOUS - SECURING DEVICE / OTHER MATERIAL REMOVE,1.0
EOR/00000215/01/2023,SPNU2722276,DOOR HARDWARE - LOCKING BAR KEEPER STRAIGHTEN,1.0
EOR/00000215/01/2023,SPNU2722276,GASKET - GASKET SEALING 5 CM,1.0
EOR/00000215/01/2023,SPNU2722276,DOOR SILL - STRAIGHTEN 60 CM,1.0
EOR/00000215/01/2023,SPNU2722276,GASKET - GASKET AND STRIP RESECURE 60 CM,1.0
EOR/00000215/01/2023,SPNU2722276,GASKET - GASKET SECTION 30 CM,1.0
EOR/00000215/01/2023,SPNU2722276,OTHER MARKING - OWNER SIDE LOGO,1.0
EOR/00000215/01/2023,SPNU2722276,BOTTOM RAIL - WELD 15 CM,1.0
EOR/00000215/01/2023,SPNU2722276,"CROSS MEMBER - STRAIGHTEN, WELD",1.0
EOR/00000215/01/2023,SPNU2722276,DOOR HARDWARE - LOCKING BAR CAM STRAIGHTEN,3.0
EOR/00000216/01/2023,SPNU2674033,PANEL - INSERT / PATCH 15X45 CM,1.0
EOR/00000216/01/2023,SPNU2674033,GASKET - GASKET SECTION 30 CM,2.0
EOR/00000216/01/2023,SPNU2674033,GASKET - GASKET SEALING 5 CM,1.0
EOR/00000216/01/2023,SPNU2674033,DOOR HARDWARE - LOCKING BAR ROD STRAIGHTEN,1.0
EOR/00000216/01/2023,SPNU2674033,DOOR HARDWARE - LOCKING BAR CAM STRAIGHTEN,2.0
EOR/00000216/01/2023,SPNU2674033,PANEL - WELD 15 CM,6.0
EOR/00000216/01/2023,SPNU2674033,MISCELENEOUS - SECURING DEVICE / OTHER MATERIAL REMOVE,1.0
EOR/00000216/01/2023,SPNU2674033,"MISCELENEOUS - EXTERIOR / INTERIOR ABRASIVE, PAINT 20 FEET 5%",3.0
EOR/00000216/01/2023,SPNU2674033,ISO MARKING - SERIAL NUMBER/CD REPLACE PER PIECE,1.0
EOR/00000216/01/2023,SPNU2674033,J BAR - STRAIGHTEN,1.0
EOR/00000216/01/2023,SPNU2674033,HINGE - WELD,1.0
EOR/00000216/01/2023,SPNU2674033,HINGE - PIN REPLACE,1.0
EOR/00000216/01/2023,SPNU2674033,DOORS - FRAME STRAIGHTEN 60 CM,1.0
EOR/00000216/01/2023,SPNU2674033,PANEL - WELD 15 CM,1.0
EOR/00000216/01/2023,SPNU2674033,PANEL - WELD 15 CM,2.0
EOR/00000216/01/2023,SPNU2674033,CORNER CASTING - REPLACE,1.0
EOR/00000216/01/2023,SPNU2674033,ISO MARKING - SERIAL NUMBER/CD REPLACE PER PIECE,1.0
EOR/00000216/01/2023,SPNU2674033,PANEL - WELD 15 CM,1.0
EOR/00000216/01/2023,SPNU2674033,"CROSS MEMBER - STRAIGHTEN, WELD",1.0
EOR/00000216/01/2023,SPNU2674033,FORKLIFT POCKET - WEB REPLACE,1.0
EOR/00000216/01/2023,SPNU2674033,FORKLIFT POCKET - WEB WELD 15 CM,2.0
EOR/00000216/01/2023,SPNU2674033,FLOORING - PLYWOOD SECTION 60X120 CM,1.0
EOR/00000216/01/2023,SPNU2674033,FLOORING - PLYWOOD / PLANK RESECURE UP TO 12 SCREW,1.0
EOR/00000216/01/2023,SPNU2674033,"HEADER EXTENTION - ABRASIVE, PAINT",1.0
EOR/00000216/01/2023,SPNU2674033,ISO MARKING - OWNERS CODE REPLACE,1.0
EOR/00000217/01/2023,SPNU2753425,MISCELENEOUS - SECURING DEVICE / OTHER MATERIAL REMOVE,1.0
EOR/00000217/01/2023,SPNU2753425,PANEL - INSERT / PATCH 90X90 CM,1.0
EOR/00000217/01/2023,SPNU2753425,PANEL - INSERT / PATCH 60X60 CM,1.0
EOR/00000217/01/2023,SPNU2753425,PANEL - WELD 30 CM,2.0
EOR/00000217/01/2023,SPNU2753425,DOOR HARDWARE - LOCKING BAR CAM STRAIGHTEN,3.0
EOR/00000217/01/2023,SPNU2753425,GASKET - GASKET SECTION 45 CM,1.0
EOR/00000217/01/2023,SPNU2753425,GASKET - GASKET SECTION 30 CM,1.0
EOR/00000217/01/2023,SPNU2753425,GASKET - GASKET SEALING 5 CM,1.0
EOR/00000217/01/2023,SPNU2753425,DOOR SILL - STRAIGHTEN 60 CM,1.0
EOR/00000231/01/2023,SPNU2725362,GASKET - GASKET SEALING 5 CM,1.0
EOR/00000231/01/2023,SPNU2725362,GASKET - GASKET SECTION 30 CM,2.0
EOR/00000231/01/2023,SPNU2725362,HINGE - STRAIGHTEN,4.0
EOR/00000231/01/2023,SPNU2725362,DOORS - FRAME STRAIGHTEN 60 CM,1.0
EOR/00000231/01/2023,SPNU2725362,DOOR HARDWARE - HANDLE RETAINER STRAIGHTEN,1.0
EOR/00000231/01/2023,SPNU2725362,PANEL - WELD 15 CM,2.0
EOR/00000231/01/2023,SPNU2725362,PANEL - WELD 15 CM,1.0
EOR/00000231/01/2023,SPNU2725362,PANEL - WELD 15 CM,1.0
EOR/00000231/01/2023,SPNU2725362,CROSS MEMBER - STRAIGHTEN,3.0
EOR/00000231/01/2023,SPNU2725362,FLOORING - PLYWOOD SECTION 120X180CM,1.0
EOR/00000231/01/2023,SPNU2725362,FLOORING - PLYWOOD / PLANK RESECURE UP TO 12 SCREW,1.0
EOR/00000231/01/2023,SPNU2725362,PANEL - INSERT / PATCH 30X30 CM,1.0
EOR/00000231/01/2023,SPNU2725362,ISO MARKING - OWNERS CODE REPLACE,1.0
EOR/00000231/01/2023,SPNU2725362,ISO MARKING - SERIAL NUMBER/CD REPLACE PER PIECE,1.0
EOR/00000231/01/2023,SPNU2725362,MISCELENEOUS - SECURING DEVICE / OTHER MATERIAL REMOVE,1.0
EOR/00000231/01/2023,SPNU2725362,DOOR HARDWARE - LOCKING BAR ROD STRAIGHTEN,2.0
EOR/00000231/01/2023,SPNU2725362,DOOR HARDWARE - LOCKING BAR CAM STRAIGHTEN,3.0
EOR/00000232/01/2023,SPNU2859715,GASKET - GASKET SECTION 30 CM,1.0
EOR/00000232/01/2023,SPNU2859715,HINGE - STRAIGHTEN,1.0
EOR/00000232/01/2023,SPNU2859715,PANEL - STRAIGHTEN 30X60 CM,1.0
EOR/00000232/01/2023,SPNU2859715,GASKET - GASKET SEALING 5 CM,1.0
EOR/00000232/01/2023,SPNU2859715,MISCELENEOUS - SECURING DEVICE / OTHER MATERIAL REMOVE,1.0
EOR/00000232/01/2023,SPNU2859715,CROSS MEMBER - STRAIGHTEN,3.0
EOR/00000232/01/2023,SPNU2859715,"CROSS MEMBER - STRAIGHTEN, WELD",1.0
EOR/00000232/01/2023,SPNU2859715,FORKLIFT POCKET - STRAP REPLACE,1.0
EOR/00000232/01/2023,SPNU2859715,PANEL - INSERT / PATCH 60X90 CM,1.0
EOR/00000232/01/2023,SPNU2859715,DOOR HARDWARE - LOCKING BAR ROD STRAIGHTEN,1.0
EOR/00000232/01/2023,SPNU2859715,FLOORING - PLYWOOD / PLANK RESECURE UP TO 6 SCREW,1.0
EOR/00000232/01/2023,SPNU2859715,PANEL - STRAIGHTEN 30X60 CM,1.0
EOR/00000233/01/2023,SPNU2847421,MISCELENEOUS - SECURING DEVICE / OTHER MATERIAL REMOVE,1.0
EOR/00000233/01/2023,SPNU2847421,FLOORING - PLYWOOD / PLANK RESECURE UP TO 12 SCREW,1.0
EOR/00000233/01/2023,SPNU2847421,PANEL - STRAIGHTEN 60X120 CM,3.0
EOR/00000233/01/2023,SPNU2847421,PANEL - WELD 15 CM,7.0
EOR/00000233/01/2023,SPNU2847421,GASKET - STRIP REPLACE 120 CM,1.0
EOR/00000233/01/2023,SPNU2847421,DOOR HARDWARE - HANDLE CATCH STRAIGHTEN,1.0
EOR/00000233/01/2023,SPNU2847421,GASKET - GASKET SEALING 5 CM,1.0
EOR/00000233/01/2023,SPNU2847421,DOOR HARDWARE - LOCKING BAR ROD STRAIGHTEN,2.0
EOR/00000234/01/2023,SPNU2749322,CROSS MEMBER - REPLACE,1.0
EOR/00000234/01/2023,SPNU2749322,MISCELENEOUS - SECURING DEVICE / OTHER MATERIAL REMOVE,1.0
EOR/00000234/01/2023,SPNU2749322,DOOR SILL - INSERT 90 CM,1.0
EOR/00000234/01/2023,SPNU2749322,PANEL - INSERT / PATCH 15X60 CM,1.0
EOR/00000234/01/2023,SPNU2749322,DOOR HARDWARE - LOCKING BAR ROD STRAIGHTEN,2.0
EOR/00000234/01/2023,SPNU2749322,DOOR HARDWARE - LOCKING BAR CAM STRAIGHTEN,3.0
EOR/00000234/01/2023,SPNU2749322,GASKET - GASKET SEALING 5 CM,1.0
EOR/00000234/01/2023,SPNU2749322,GASKET - GASKET SECTION 30 CM,2.0
EOR/00000234/01/2023,SPNU2749322,HINGE - STRAIGHTEN,4.0
EOR/00000234/01/2023,SPNU2749322,DOOR SILL - INSERT 15 CM,1.0
EOR/00000234/01/2023,SPNU2749322,PANEL - WELD 15 CM,3.0
EOR/00000234/01/2023,SPNU2749322,PANEL - INSERT / PATCH 15X30 CM,1.0
EOR/00000234/01/2023,SPNU2749322,PANEL - WELD 15 CM,1.0
EOR/00000234/01/2023,SPNU2749322,PANEL - WELD 15 CM,2.0
EOR/00000234/01/2023,SPNU2749322,CROSS MEMBER - STRAIGHTEN,2.0
EOR/00000234/01/2023,SPNU2749322,FORKLIFT POCKET - WEB WELD 15 CM,1.0
EOR/00000234/01/2023,SPNU2749322,PANEL - WELD 15 CM,1.0
EOR/00000234/01/2023,SPNU2749322,"MISCELENEOUS - EXTERIOR / INTERIOR ABRASIVE, PAINT 20 FEET 5%",1.0
EOR/00000234/01/2023,SPNU2749322,"CROSS MEMBER - STRAIGHTEN, WELD 15 CM",5.0
EOR/00000235/01/2023,SPNU2928971,DOOR HARDWARE - LOCKING BAR ROD STRAIGHTEN,2.0
EOR/00000235/01/2023,SPNU2928971,GASKET - GASKET SECTION 30 CM,2.0
EOR/00000235/01/2023,SPNU2928971,GASKET - GASKET SEALING 5 CM,1.0
EOR/00000235/01/2023,SPNU2928971,DOOR HARDWARE - HANDLE CATCH STRAIGHTEN,1.0
EOR/00000235/01/2023,SPNU2928971,PANEL - WELD 15 CM,2.0
EOR/00000235/01/2023,SPNU2928971,MISCELENEOUS - FLOORING SWEEPING 20 FEET,1.0
EOR/00000235/01/2023,SPNU2928971,PANEL - INSERT / PATCH 30X30 CM,1.0
EOR/00000235/01/2023,SPNU2928971,MISCELENEOUS - SECURING DEVICE / OTHER MATERIAL REMOVE,1.0
EOR/00000236/01/2023,SPNU2736198,MISCELENEOUS - SECURING DEVICE / OTHER MATERIAL REMOVE,1.0
EOR/00000236/01/2023,SPNU2736198,PANEL - INSERT / PATCH 30X30 CM,1.0
EOR/00000236/01/2023,SPNU2736198,PANEL - STRAIGHTEN 30X60 CM,1.0
EOR/00000236/01/2023,SPNU2736198,MISCELENEOUS - FLOORING SWEEPING 20 FEET,1.0
EOR/00000236/01/2023,SPNU2736198,PANEL - STRAIGHTEN 30X60 CM,1.0
EOR/00000236/01/2023,SPNU2736198,FLOORING - PLYWOOD / PLANK RESECURE UP TO 12 SCREW,1.0
EOR/00000236/01/2023,SPNU2736198,GASKET - GASKET SECTION 30 CM,2.0
EOR/00000236/01/2023,SPNU2736198,GASKET - GASKET SEALING 5 CM,1.0
EOR/00000236/01/2023,SPNU2736198,GASKET - GASKET AND STRIP RESECURE 30 CM,1.0
EOR/00000236/01/2023,SPNU2736198,GASKET - GASKET AND STRIP RESECURE 60 CM,1.0
EOR/00000236/01/2023,SPNU2736198,TOP RAIL - WELD 15 CM,1.0
EOR/00000237/01/2023,SPNU2818341,DOOR HARDWARE - LOCKING BAR ROD STRAIGHTEN,3.0
EOR/00000237/01/2023,SPNU2818341,PANEL - WELD 15 CM,3.0
EOR/00000237/01/2023,SPNU2818341,HINGE - STRAIGHTEN,6.0
EOR/00000237/01/2023,SPNU2818341,GASKET - GASKET AND STRIP RESECURE 60 CM,1.0
EOR/00000237/01/2023,SPNU2818341,GASKET - GASKET SEALING 5 CM,1.0
EOR/00000237/01/2023,SPNU2818341,GASKET - GASKET SECTION 30 CM,2.0
EOR/00000237/01/2023,SPNU2818341,DOOR HARDWARE - HANDLE CATCH STRAIGHTEN,2.0
EOR/00000237/01/2023,SPNU2818341,PANEL - WELD 15 CM,1.0
EOR/00000237/01/2023,SPNU2818341,PANEL - STRAIGHTEN 30X120 CM,2.0
EOR/00000237/01/2023,SPNU2818341,VENTILATOR - PLASTIC SMALL REPLACE,1.0
EOR/00000237/01/2023,SPNU2818341,CROSS MEMBER - STRAIGHTEN,3.0
EOR/00000237/01/2023,SPNU2818341,FLOORING - PLYWOOD / PLANK RESECURE UP TO 12 SCREW,1.0
EOR/00000237/01/2023,SPNU2818341,MISCELENEOUS - SECURING DEVICE / OTHER MATERIAL REMOVE,1.0
EOR/00000237/01/2023,SPNU2818341,VENTILATOR - SEALING,1.0
EOR/00000237/01/2023,SPNU2818341,PANEL - STRAIGHTEN 30X30 CM,1.0
EOR/00000237/01/2023,SPNU2818341,DOOR HARDWARE - LOCKING BAR CAM STRAIGHTEN,4.0
EOR/00000240/01/2023,SPNU4659697,"FLOORING - PLYWOOD / PLANK, REMOVE ASPAL, 20 FEET 10%",1.0
EOR/00000240/01/2023,SPNU4659697,PANEL - STRAIGHTEN 30X120 CM,1.0
EOR/00000240/01/2023,SPNU4659697,GASKET - GASKET SECTION 30 CM,1.0
EOR/00000240/01/2023,SPNU4659697,PANEL - STRAIGHTEN 60X60 CM,2.0
EOR/00000248/01/2023,SPNU2730939,"HEADER EXTENTION - ABRASIVE, PAINT",1.0
EOR/00000248/01/2023,SPNU2730939,GASKET - GASKET SEALING 5 CM,1.0
EOR/00000248/01/2023,SPNU2730939,DOOR HARDWARE - LOCKING BAR CAM STRAIGHTEN,4.0
EOR/00000248/01/2023,SPNU2730939,DOOR HARDWARE - LOCKING BAR ROD STRAIGHTEN,2.0
EOR/00000248/01/2023,SPNU2730939,PANEL - INSERT / PATCH 15X30 CM,1.0
EOR/00000248/01/2023,SPNU2730939,PANEL - INSERT / PATCH 15X30 CM,1.0
EOR/00000248/01/2023,SPNU2730939,PANEL - WELD 15 CM,1.0
EOR/00000248/01/2023,SPNU2730939,MISCELENEOUS - SECURING DEVICE / OTHER MATERIAL REMOVE,1.0
EOR/00000248/01/2023,SPNU2730939,ISO MARKING - SERIAL NUMBER/CD REPLACE PER PIECE,1.0
EOR/00000248/01/2023,SPNU2730939,ISO MARKING - OWNERS CODE REPLACE,1.0
EOR/00000248/01/2023,SPNU2730939,GASKET - GASKET SECTION 30 CM,3.0
EOR/00000248/01/2023,SPNU2730939,"MISCELENEOUS - EXTERIOR / INTERIOR ABRASIVE, PAINT 20 FEET 5%",1.0
EOR/00000248/01/2023,SPNU2730939,PANEL - WELD 15 CM,2.0
EOR/00000248/01/2023,SPNU2730939,MISCELENEOUS - FLOORING SWEEPING 20 FEET,1.0
EOR/00000248/01/2023,SPNU2730939,"PANEL - STRAIGHTEN, WELD 15 CM",1.0
EOR/00000248/01/2023,SPNU2730939,PANEL - WELD 15 CM,3.0
EOR/00000248/01/2023,SPNU2730939,PANEL - WELD 15 CM,3.0
EOR/00000248/01/2023,SPNU2730939,PANEL - INSERT / PATCH 15X30 CM,1.0
EOR/00000248/01/2023,SPNU2730939,GASKET - STRIP REPLACE 120 CM,1.0
EOR/00000248/01/2023,SPNU2730939,GASKET - GASKET SECTION 60 CM,1.0
EOR/00000248/01/2023,SPNU2730939,GASKET - STRIP SECTION 30 CM,1.0
EOR/00000248/01/2023,SPNU2730939,GASKET - GASKET AND STRIP RESECURE 30 CM,1.0
EOR/00000248/01/2023,SPNU2730939,DOORS - FRAME STRAIGHTEN 60 CM,1.0
EOR/00000248/01/2023,SPNU2730939,HINGE - STRAIGHTEN,4.0
EOR/00000249/01/2023,SPNU2930639,PANEL - WELD 15 CM,2.0
EOR/00000249/01/2023,SPNU2930639,MISCELENEOUS - SECURING DEVICE / OTHER MATERIAL REMOVE,1.0
EOR/00000249/01/2023,SPNU2930639,MISCELENEOUS - FLOORING SWEEPING 20 FEET,1.0
EOR/00000249/01/2023,SPNU2930639,PANEL - WELD 15 CM,1.0
EOR/00000249/01/2023,SPNU2930639,PANEL - STRAIGHTEN 30X120 CM,2.0
EOR/00000249/01/2023,SPNU2930639,GASKET - GASKET SECTION 30 CM,2.0
EOR/00000249/01/2023,SPNU2930639,GASKET - GASKET SEALING 5 CM,1.0
EOR/00000249/01/2023,SPNU2930639,DOOR HARDWARE - LOCKING BAR ROD STRAIGHTEN,2.0
EOR/00000250/01/2023,SPNU2709090,DOOR HARDWARE - LOCKING BAR ROD STRAIGHTEN,2.0
EOR/00000250/01/2023,SPNU2709090,PANEL - WELD 15 CM,1.0
EOR/00000250/01/2023,SPNU2709090,PANEL - WELD 15 CM,2.0
EOR/00000250/01/2023,SPNU2709090,DOORS - WELD 15 CM,1.0
EOR/00000250/01/2023,SPNU2709090,HINGE - STRAIGHTEN,4.0
EOR/00000250/01/2023,SPNU2709090,DOOR HARDWARE - HANDLE RETAINER STRAIGHTEN,1.0
EOR/00000250/01/2023,SPNU2709090,DOOR HARDWARE - LOCKING BAR HANDLE STRAIGHTEN,1.0
EOR/00000250/01/2023,SPNU2709090,GASKET - GASKET SECTION 30 CM,3.0
EOR/00000250/01/2023,SPNU2709090,GASKET - GASKET SEALING 5 CM,1.0
EOR/00000250/01/2023,SPNU2709090,DOOR HARDWARE - LOCKING BAR CAM STRAIGHTEN,3.0
EOR/00000250/01/2023,SPNU2709090,MISCELENEOUS - SECURING DEVICE / OTHER MATERIAL REMOVE,1.0
EOR/00000250/01/2023,SPNU2709090,ISO MARKING - SERIAL NUMBER/CD REPLACE PER PIECE,1.0
EOR/00000250/01/2023,SPNU2709090,ISO MARKING - OWNERS CODE REPLACE,1.0
EOR/00000250/01/2023,SPNU2709090,"MISCELENEOUS - EXTERIOR / INTERIOR ABRASIVE, PAINT 20 FEET 5%",1.0
EOR/00000250/01/2023,SPNU2709090,PANEL - INSERT / PATCH 30X30 CM,2.0
EOR/00000250/01/2023,SPNU2709090,FLOORING - PLYWOOD / PLANK RESECURE UP TO 12 SCREW,1.0
EOR/00000250/01/2023,SPNU2709090,CROSS MEMBER - INSERT 30 CM,1.0
EOR/00000250/01/2023,SPNU2709090,PANEL - WELD 15 CM,2.0
EOR/00000250/01/2023,SPNU2709090,CROSS MEMBER - STRAIGHTEN,2.0
